#include "lv_font_cjk.h"

/*
 * Auto-generated by gen_cjk_font.py — do not edit by hand.
 *
 * Source font : /usr/share/fonts/truetype/wqy/wqy-zenhei.ttc (index 0), 13 px, 4 bpp
 * Glyphs      : 203 (1 placeholder + 95 ASCII + 107 CJK), 11726 bytes of bitmap
 * Metrics     : line_height=15, base_line=3 — same as lv_font_montserrat_12,
 *               so Chinese rows line up with the English ones.
 * Bitmap      : 4 bpp,每行按字节对齐 -> .stride = 1 (必须；为 0 时 LVGL 会把
 *               奇数宽度的字形按紧凑位流解码，整个汉字会错位成噪点)
 */

static const uint8_t lv_font_cjk_bitmap[11726] = {
    0x2f, 0x00, 0x2e, 0x00, 0x2d, 0x00, 0x2c, 0x00, 0x2b, 0x00, 0x2a, 0x00, 0x29, 0x00, 0x00, 0x00,
    0x2d, 0x00, 0x2f, 0x2f, 0x2e, 0x2e, 0x0a, 0x0a, 0x00, 0x2c, 0x08, 0x60, 0x00, 0x58, 0x0b, 0x30,
    0x1d, 0xed, 0xdf, 0xd4, 0x00, 0xb2, 0x2b, 0x00, 0x00, 0xd0, 0x49, 0x00, 0x7d, 0xfd, 0xee, 0xb0,
    0x04, 0x90, 0xa3, 0x00, 0x07, 0x70, 0xc1, 0x00, 0x09, 0x40, 0xd0, 0x00, 0x00, 0x2f, 0x00, 0x03,
    0xcf, 0xa1, 0x0e, 0x6f, 0x79, 0x2f, 0x3f, 0x11, 0x0e, 0x9f, 0x00, 0x02, 0xbf, 0xd3, 0x00, 0x2f,
    0x8c, 0x24, 0x2f, 0x3e, 0x3d, 0x5f, 0x7b, 0x05, 0xcf, 0xa2, 0x00, 0x2f, 0x00, 0x07, 0xdd, 0x40,
    0x16, 0x00, 0x1f, 0x14, 0xd0, 0x61, 0x00, 0x1f, 0x25, 0xd2, 0x60, 0x00, 0x05, 0xcc, 0x48, 0x00,
    0x00, 0x00, 0x00, 0x46, 0x6b, 0x40, 0x00, 0x00, 0xa1, 0xe4, 0xc0, 0x00, 0x06, 0x52, 0xf2, 0xe0,
    0x00, 0x1b, 0x00, 0xf4, 0xc0, 0x00, 0x84, 0x00, 0x8e, 0x50, 0x00, 0x5d, 0xdc, 0x30, 0x00, 0x00,
    0xe2, 0x06, 0xd0, 0x00, 0x00, 0xd3, 0x06, 0xc0, 0x00, 0x00, 0x6d, 0xab, 0x20, 0x00, 0x04, 0xdc,
    0xd0, 0x02, 0x70, 0x0e, 0x41, 0xda, 0x06, 0x60, 0x2f, 0x00, 0x3f, 0x8b, 0x10, 0x0c, 0x60, 0x0b,
    0xf9, 0x00, 0x02, 0xac, 0xec, 0x5b, 0xb0, 0x2f, 0x2e, 0x0a, 0x00, 0x75, 0x02, 0xb0, 0x08, 0x60,
    0x0d, 0x30, 0x1f, 0x00, 0x2f, 0x00, 0x1f, 0x10, 0x0d, 0x30, 0x08, 0x70, 0x02, 0xc0, 0x00, 0x75,
    0x51, 0x00, 0x49, 0x00, 0x0c, 0x30, 0x08, 0x90, 0x04, 0xc0, 0x03, 0xe0, 0x03, 0xe0, 0x04, 0xd0,
    0x06, 0xa0, 0x0a, 0x50, 0x1c, 0x00, 0x84, 0x00, 0x00, 0x2f, 0x00, 0x00, 0x3a, 0x5f, 0x4a, 0x00,
    0x02, 0xdf, 0xa0, 0x00, 0x3a, 0x5f, 0x4a, 0x00, 0x00, 0x2f, 0x00, 0x00, 0x00, 0x02, 0xf0, 0x00,
    0x00, 0x02, 0xf0, 0x00, 0x00, 0x02, 0xf0, 0x00, 0x1d, 0xdd, 0xfd, 0xdb, 0x00, 0x02, 0xf0, 0x00,
    0x00, 0x02, 0xf0, 0x00, 0x00, 0x02, 0xf0, 0x00, 0x2c, 0x2e, 0x07, 0x12, 0xdd, 0xa0, 0x2c, 0x2f,
    0x00, 0x00, 0x09, 0x40, 0x00, 0x00, 0x2c, 0x00, 0x00, 0x00, 0x95, 0x00, 0x00, 0x01, 0xc0, 0x00,
    0x00, 0x08, 0x50, 0x00, 0x00, 0x1c, 0x00, 0x00, 0x00, 0x85, 0x00, 0x00, 0x01, 0xc0, 0x00, 0x00,
    0x08, 0x50, 0x00, 0x00, 0x1c, 0x00, 0x00, 0x00, 0x76, 0x00, 0x00, 0x00, 0x00, 0x6d, 0xdc, 0x30,
    0x04, 0xc1, 0x03, 0xe2, 0x0c, 0x40, 0x00, 0x89, 0x0f, 0x10, 0x00, 0x4d, 0x2f, 0x00, 0x00, 0x3e,
    0x1f, 0x10, 0x00, 0x4d, 0x0c, 0x50, 0x00, 0x79, 0x04, 0xd2, 0x03, 0xd2, 0x00, 0x5c, 0xdc, 0x40,
    0x00, 0x6e, 0x00, 0x00, 0x19, 0xcf, 0x00, 0x00, 0x98, 0x2f, 0x00, 0x00, 0x10, 0x2f, 0x00, 0x00,
    0x00, 0x2f, 0x00, 0x00, 0x00, 0x2f, 0x00, 0x00, 0x00, 0x2f, 0x00, 0x00, 0x00, 0x2f, 0x00, 0x00,
    0xbd, 0xdf, 0xdd, 0x60, 0x01, 0xad, 0xd9, 0x10, 0x0b, 0x70, 0x1a, 0xa0, 0x1b, 0x00, 0x03, 0xe0,
    0x00, 0x00, 0x05, 0xc0, 0x00, 0x00, 0x1d, 0x50, 0x00, 0x02, 0xc7, 0x00, 0x00, 0x4d, 0x50, 0x00,
    0x06, 0xc2, 0x00, 0x00, 0x2f, 0xed, 0xdd, 0xd0, 0x01, 0x9d, 0xda, 0x10, 0x0b, 0x70, 0x09, 0xb0,
    0x03, 0x00, 0x03, 0xe0, 0x00, 0x00, 0x19, 0x90, 0x00, 0x3d, 0xfb, 0x10, 0x00, 0x00, 0x1a, 0xa0,
    0x13, 0x00, 0x03, 0xe0, 0x2e, 0x30, 0x09, 0xb0, 0x04, 0xcd, 0xd9, 0x10, 0x00, 0x00, 0xcf, 0x00,
    0x00, 0x07, 0x9f, 0x00, 0x00, 0x3c, 0x3f, 0x00, 0x00, 0xc3, 0x2f, 0x00, 0x08, 0x80, 0x2f, 0x00,
    0x3d, 0x00, 0x2f, 0x00, 0x9e, 0xdd, 0xdf, 0xd6, 0x00, 0x00, 0x2f, 0x00, 0x00, 0x00, 0x2f, 0x00,
    0x2f, 0xdd, 0xdd, 0x40, 0x2f, 0x00, 0x00, 0x00, 0x2f, 0x00, 0x00, 0x00, 0x2f, 0x6c, 0xc7, 0x00,
    0x2f, 0x60, 0x1b, 0x80, 0x00, 0x00, 0x04, 0xd0, 0x12, 0x00, 0x04, 0xe0, 0x6d, 0x30, 0x1c, 0x80,
    0x06, 0xdd, 0xd7, 0x00, 0x00, 0x4c, 0xdd, 0x91, 0x04, 0xe3, 0x01, 0xa9, 0x0c, 0x60, 0x00, 0x00,
    0x1f, 0x39, 0xcc, 0x60, 0x2f, 0xa4, 0x02, 0xc7, 0x1f, 0x60, 0x00, 0x4d, 0x0d, 0x50, 0x00, 0x4d,
    0x05, 0xd2, 0x02, 0xc8, 0x00, 0x6c, 0xdd, 0x70, 0xad, 0xdd, 0xdf, 0x40, 0x00, 0x00, 0x5a, 0x00,
    0x00, 0x02, 0xc1, 0x00, 0x00, 0x0a, 0x60, 0x00, 0x00, 0x3d, 0x00, 0x00, 0x00, 0x88, 0x00, 0x00,
    0x00, 0xd4, 0x00, 0x00, 0x01, 0xf2, 0x00, 0x00, 0x02, 0xf0, 0x00, 0x00, 0x03, 0xbd, 0xda, 0x20,
    0x1e, 0x50, 0x07, 0xc0, 0x2f, 0x10, 0x04, 0xe0, 0x0a, 0xc5, 0x7d, 0x50, 0x01, 0xdd, 0xeb, 0x40,
    0x0c, 0x80, 0x05, 0xd8, 0x2f, 0x00, 0x00, 0x4e, 0x0d, 0x70, 0x01, 0x9b, 0x02, 0x9d, 0xdd, 0x91,
    0x01, 0x8d, 0xdc, 0x40, 0x0a, 0x90, 0x03, 0xd3, 0x1f, 0x10, 0x00, 0x7a, 0x1f, 0x10, 0x00, 0x8e,
    0x0a, 0xb1, 0x05, 0xce, 0x01, 0x9d, 0xd9, 0x5d, 0x00, 0x00, 0x00, 0x99, 0x0a, 0x70, 0x05, 0xe2,
    0x02, 0xad, 0xdb, 0x30, 0x2f, 0x2c, 0x00, 0x00, 0x00, 0x2c, 0x2f, 0x2f, 0x2c, 0x00, 0x00, 0x00,
    0x2c, 0x2e, 0x07, 0x12, 0x00, 0x00, 0x16, 0x60, 0x00, 0x29, 0xb6, 0x00, 0x5a, 0x93, 0x00, 0x00,
    0x9b, 0x50, 0x00, 0x00, 0x01, 0x6b, 0x82, 0x00, 0x00, 0x00, 0x4b, 0x60, 0x00, 0x00, 0x00, 0x00,
    0x6d, 0xdd, 0xdd, 0xd3, 0x00, 0x00, 0x00, 0x00, 0x00, 0x00, 0x00, 0x00, 0x6d, 0xdd, 0xdd, 0xd3,
    0xa3, 0x00, 0x00, 0x00, 0x29, 0xb6, 0x00, 0x00, 0x00, 0x16, 0xb8, 0x10, 0x00, 0x02, 0x9c, 0x30,
    0x05, 0xba, 0x30, 0x00, 0xc8, 0x10, 0x00, 0x00, 0x00, 0x00, 0x00, 0x00, 0x03, 0xbd, 0xd9, 0x10,
    0x1e, 0x40, 0x09, 0xa0, 0x48, 0x00, 0x03, 0xe0, 0x00, 0x00, 0x09, 0xb0, 0x00, 0x03, 0xcc, 0x20,
    0x00, 0x1e, 0x70, 0x00, 0x00, 0x2f, 0x00, 0x00, 0x00, 0x02, 0x00, 0x00, 0x00, 0x2d, 0x00, 0x00,
    0x00, 0x04, 0xbd, 0xdc, 0x81, 0x00, 0x00, 0x9c, 0x30, 0x02, 0xad, 0x20, 0x07, 0xd2, 0x9d, 0xba,
    0x49, 0xb0, 0x0e, 0x4a, 0x90, 0x4e, 0x03, 0xe0, 0x2f, 0x1f, 0x10, 0x59, 0x05, 0xc0, 0x1f, 0x2f,
    0x31, 0xc5, 0x2d, 0x40, 0x0c, 0x85, 0xc9, 0x6c, 0xb4, 0x00, 0x03, 0xe9, 0x20, 0x01, 0x00, 0x00,
    0x00, 0x29, 0xdd, 0xc9, 0x00, 0x00, 0x00, 0x2f, 0x70, 0x00, 0x00, 0x7b, 0xc0, 0x00, 0x00, 0xb2,
    0xe2, 0x00, 0x01, 0xb0, 0x97, 0x00, 0x06, 0x60, 0x4b, 0x00, 0x0b, 0xdd, 0xdf, 0x10, 0x1a, 0x00,
    0x0a, 0x60, 0x67, 0x00, 0x05, 0xb0, 0xb3, 0x00, 0x01, 0xf1, 0x2f, 0xdd, 0xdc, 0x30, 0x2f, 0x00,
    0x07, 0xc0, 0x2f, 0x00, 0x03, 0xe0, 0x2f, 0x00, 0x09, 0x90, 0x2f, 0xdd, 0xec, 0x10, 0x2f, 0x00,
    0x09, 0x90, 0x2f, 0x00, 0x03, 0xe0, 0x2f, 0x00, 0x07, 0xc0, 0x2f, 0xdd, 0xdc, 0x20, 0x00, 0x6d,
    0xdc, 0x40, 0x05, 0xd2, 0x03, 0xe3, 0x0d, 0x50, 0x00, 0x87, 0x1f, 0x20, 0x00, 0x00, 0x2f, 0x00,
    0x00, 0x00, 0x1f, 0x10, 0x00, 0x00, 0x0c, 0x50, 0x00, 0x87, 0x05, 0xd2, 0x03, 0xe2, 0x00, 0x6d,
    0xdc, 0x40, 0x2f, 0xdd, 0xda, 0x20, 0x2f, 0x00, 0x06, 0xe2, 0x2f, 0x00, 0x00, 0x99, 0x2f, 0x00,
    0x00, 0x4d, 0x2f, 0x00, 0x00, 0x3e, 0x2f, 0x00, 0x00, 0x4d, 0x2f, 0x00, 0x00, 0x99, 0x2f, 0x00,
    0x06, 0xe2, 0x2f, 0xdd, 0xeb, 0x30, 0x2f, 0xdd, 0xdd, 0x60, 0x2f, 0x00, 0x00, 0x00, 0x2f, 0x00,
    0x00, 0x00, 0x2f, 0x00, 0x00, 0x00, 0x2f, 0xdd, 0xd7, 0x00, 0x2f, 0x00, 0x00, 0x00, 0x2f, 0x00,
    0x00, 0x00, 0x2f, 0x00, 0x00, 0x00, 0x2f, 0xdd, 0xdd, 0x80, 0x2f, 0xdd, 0xdd, 0x40, 0x2f, 0x00,
    0x00, 0x00, 0x2f, 0x00, 0x00, 0x00, 0x2f, 0x00, 0x00, 0x00, 0x2f, 0xdd, 0xd7, 0x00, 0x2f, 0x00,
    0x00, 0x00, 0x2f, 0x00, 0x00, 0x00, 0x2f, 0x00, 0x00, 0x00, 0x2f, 0x00, 0x00, 0x00, 0x00, 0x4c,
    0xdd, 0x80, 0x04, 0xd2, 0x01, 0xb7, 0x0c, 0x50, 0x00, 0x25, 0x1f, 0x20, 0x00, 0x00, 0x2f, 0x00,
    0x5d, 0xdd, 0x1f, 0x10, 0x00, 0x3f, 0x0c, 0x60, 0x00, 0x5f, 0x05, 0xd3, 0x01, 0xcf, 0x00, 0x5d,
    0xdd, 0x5c, 0x2f, 0x00, 0x02, 0xf0, 0x2f, 0x00, 0x02, 0xf0, 0x2f, 0x00, 0x02, 0xf0, 0x2f, 0x00,
    0x02, 0xf0, 0x2f, 0xdd, 0xdd, 0xf0, 0x2f, 0x00, 0x02, 0xf0, 0x2f, 0x00, 0x02, 0xf0, 0x2f, 0x00,
    0x02, 0xf0, 0x2f, 0x00, 0x02, 0xf0, 0x2f, 0x2f, 0x2f, 0x2f, 0x2f, 0x2f, 0x2f, 0x2f, 0x2f, 0x00,
    0x02, 0xf0, 0x00, 0x02, 0xf0, 0x00, 0x02, 0xf0, 0x00, 0x02, 0xf0, 0x00, 0x02, 0xf0, 0x00, 0x02,
    0xf0, 0x00, 0x03, 0xe0, 0x00, 0x07, 0xb0, 0x0d, 0xdb, 0x20, 0x2f, 0x00, 0x06, 0xc0, 0x2f, 0x00,
    0x3d, 0x20, 0x2f, 0x01, 0xd4, 0x00, 0x2f, 0x0a, 0xe1, 0x00, 0x2f, 0x7a, 0xb8, 0x00, 0x2f, 0xc1,
    0x3e, 0x10, 0x2f, 0x20, 0x0a, 0x80, 0x2f, 0x00, 0x02, 0xe2, 0x2f, 0x00, 0x00, 0x99, 0x2f, 0x00,
    0x00, 0x00, 0x2f, 0x00, 0x00, 0x00, 0x2f, 0x00, 0x00, 0x00, 0x2f, 0x00, 0x00, 0x00, 0x2f, 0x00,
    0x00, 0x00, 0x2f, 0x00, 0x00, 0x00, 0x2f, 0x00, 0x00, 0x00, 0x2f, 0x00, 0x00, 0x00, 0x2f, 0xdd,
    0xdd, 0x20, 0x2f, 0xb0, 0x00, 0x0c, 0xf0, 0x2f, 0xd2, 0x00, 0x2d, 0xf0, 0x2f, 0x97, 0x00, 0x78,
    0xf0, 0x2f, 0x4c, 0x00, 0xb3, 0xf0, 0x2f, 0x0e, 0x22, 0xa2, 0xf0, 0x2f, 0x09, 0x76, 0x62, 0xf0,
    0x2f, 0x04, 0xcb, 0x12, 0xf0, 0x2f, 0x00, 0xeb, 0x02, 0xf0, 0x2f, 0x00, 0x96, 0x02, 0xf0, 0x2f,
    0xb0, 0x00, 0x2f, 0x2f, 0xc5, 0x00, 0x2f, 0x2f, 0x3d, 0x10, 0x2f, 0x2f, 0x09, 0x80, 0x2f, 0x2f,
    0x01, 0xe2, 0x2f, 0x2f, 0x00, 0x6b, 0x2f, 0x2f, 0x00, 0x0c, 0x8f, 0x2f, 0x00, 0x03, 0xef, 0x2f,
    0x00, 0x00, 0x9f, 0x00, 0x5d, 0xdc, 0x40, 0x04, 0xd2, 0x04, 0xe2, 0x0c, 0x50, 0x00, 0x89, 0x0f,
    0x10, 0x00, 0x4d, 0x2f, 0x00, 0x00, 0x3e, 0x1f, 0x10, 0x00, 0x4c, 0x0c, 0x50, 0x00, 0x89, 0x05,
    0xd2, 0x03, 0xe2, 0x00, 0x6d, 0xdc, 0x30, 0x2f, 0xdd, 0xda, 0x20, 0x2f, 0x00, 0x08, 0xb0, 0x2f,
    0x00, 0x03, 0xe0, 0x2f, 0x00, 0x09, 0xa0, 0x2f, 0xdd, 0xc9, 0x10, 0x2f, 0x00, 0x00, 0x00, 0x2f,
    0x00, 0x00, 0x00, 0x2f, 0x00, 0x00, 0x00, 0x2f, 0x00, 0x00, 0x00, 0x00, 0x5d, 0xdc, 0x40, 0x04,
    0xc2, 0x03, 0xd2, 0x0c, 0x40, 0x00, 0x79, 0x0f, 0x10, 0x00, 0x4d, 0x2f, 0x00, 0x00, 0x3e, 0x1f,
    0x10, 0x00, 0x4d, 0x0c, 0x40, 0x00, 0x89, 0x05, 0xc2, 0x03, 0xe2, 0x00, 0x6d, 0xdc, 0x40, 0x00,
    0x00, 0x77, 0x00, 0x00, 0x00, 0x1c, 0xd5, 0x2f, 0xdd, 0xda, 0x20, 0x2f, 0x00, 0x07, 0xc0, 0x2f,
    0x00, 0x03, 0xe0, 0x2f, 0x00, 0x09, 0xa0, 0x2f, 0xdd, 0xea, 0x10, 0x2f, 0x00, 0x7a, 0x00, 0x2f,
    0x00, 0x1e, 0x10, 0x2f, 0x00, 0x0b, 0x70, 0x2f, 0x00, 0x05, 0xd0, 0x03, 0xcd, 0xd7, 0x00, 0x0e,
    0x50, 0x1c, 0x60, 0x2f, 0x10, 0x02, 0x20, 0x0d, 0xb5, 0x10, 0x00, 0x02, 0x9d, 0xfb, 0x20, 0x00,
    0x00, 0x3b, 0xb0, 0x44, 0x00, 0x03, 0xe0, 0x2d, 0x30, 0x08, 0xa0, 0x03, 0xbd, 0xda, 0x10, 0xdd,
    0xdf, 0xdd, 0x00, 0x2f, 0x00, 0x00, 0x2f, 0x00, 0x00, 0x2f, 0x00, 0x00, 0x2f, 0x00, 0x00, 0x2f,
    0x00, 0x00, 0x2f, 0x00, 0x00, 0x2f, 0x00, 0x00, 0x2f, 0x00, 0x2f, 0x00, 0x02, 0xf0, 0x2f, 0x00,
    0x02, 0xf0, 0x2f, 0x00, 0x02, 0xf0, 0x2f, 0x00, 0x02, 0xf0, 0x2f, 0x00, 0x02, 0xf0, 0x2f, 0x00,
    0x02, 0xe0, 0x1f, 0x10, 0x04, 0xd0, 0x0c, 0x70, 0x0a, 0x90, 0x02, 0xbd, 0xd9, 0x10, 0xb7, 0x00,
    0x00, 0xd1, 0x6c, 0x00, 0x04, 0xb0, 0x1f, 0x20, 0x09, 0x60, 0x0b, 0x70, 0x0d, 0x10, 0x05, 0xc0,
    0x4b, 0x00, 0x01, 0xf2, 0x96, 0x00, 0x00, 0xa7, 0xd1, 0x00, 0x00, 0x5e, 0xb0, 0x00, 0x00, 0x1e,
    0x60, 0x00, 0xb6, 0x00, 0x2f, 0x10, 0x08, 0x60, 0x7a, 0x00, 0x6f, 0x40, 0x0b, 0x30, 0x3d, 0x00,
    0xab, 0x90, 0x0e, 0x00, 0x0e, 0x20, 0xd4, 0xd0, 0x3b, 0x00, 0x0b, 0x63, 0xb0, 0xe2, 0x77, 0x00,
    0x07, 0xa7, 0x70, 0xa6, 0xa4, 0x00, 0x03, 0xdb, 0x30, 0x6a, 0xd1, 0x00, 0x00, 0xee, 0x00, 0x2f,
    0xc0, 0x00, 0x00, 0xba, 0x00, 0x0d, 0x80, 0x00, 0x4e, 0x10, 0x0a, 0x50, 0x0a, 0x80, 0x4b, 0x00,
    0x02, 0xe3, 0xc2, 0x00, 0x00, 0x8e, 0x80, 0x00, 0x00, 0x3f, 0x60, 0x00, 0x00, 0xb9, 0xe1, 0x00,
    0x05, 0xa0, 0xb8, 0x00, 0x1d, 0x20, 0x2e, 0x20, 0x97, 0x00, 0x08, 0xb0, 0x0d, 0x70, 0x00, 0x5a,
    0x04, 0xe1, 0x01, 0xd2, 0x00, 0xb9, 0x08, 0x80, 0x00, 0x2f, 0x5d, 0x10, 0x00, 0x08, 0xf6, 0x00,
    0x00, 0x03, 0xf0, 0x00, 0x00, 0x02, 0xf0, 0x00, 0x00, 0x02, 0xf0, 0x00, 0x00, 0x02, 0xf0, 0x00,
    0xad, 0xdd, 0xef, 0x00, 0x00, 0xa7, 0x00, 0x05, 0xc0, 0x00, 0x1e, 0x30, 0x00, 0xa8, 0x00, 0x04,
    0xd1, 0x00, 0x1d, 0x40, 0x00, 0x99, 0x00, 0x00, 0xfd, 0xdd, 0xdd, 0x2f, 0xd5, 0x2f, 0x00, 0x2f,
    0x00, 0x2f, 0x00, 0x2f, 0x00, 0x2f, 0x00, 0x2f, 0x00, 0x2f, 0x00, 0x2f, 0x00, 0x2f, 0x00, 0x2f,
    0xd5, 0x76, 0x00, 0x00, 0x00, 0x1c, 0x00, 0x00, 0x00, 0x08, 0x60, 0x00, 0x00, 0x01, 0xc0, 0x00,
    0x00, 0x00, 0x85, 0x00, 0x00, 0x00, 0x1c, 0x00, 0x00, 0x00, 0x08, 0x50, 0x00, 0x00, 0x01, 0xc0,
    0x00, 0x00, 0x00, 0x95, 0x00, 0x00, 0x00, 0x2c, 0x00, 0x00, 0x00, 0x09, 0x40, 0x7d, 0xf0, 0x02,
    0xf0, 0x02, 0xf0, 0x02, 0xf0, 0x02, 0xf0, 0x02, 0xf0, 0x02, 0xf0, 0x02, 0xf0, 0x02, 0xf0, 0x02,
    0xf0, 0x7d, 0xf0, 0x00, 0x96, 0x00, 0x00, 0xcb, 0x00, 0x05, 0x7a, 0x20, 0x0a, 0x14, 0x80, 0x2a,
    0x00, 0xc0, 0x75, 0x00, 0x84, 0xdd, 0xdd, 0xdd, 0x60, 0x05, 0x00, 0x08, 0xc4, 0x00, 0x15, 0x02,
    0xac, 0xdc, 0x30, 0x0c, 0x60, 0x08, 0xb0, 0x02, 0x00, 0x03, 0xe0, 0x02, 0xac, 0xdd, 0xf0, 0x0e,
    0x61, 0x03, 0xf0, 0x1f, 0x30, 0x1a, 0xf0, 0x06, 0xdd, 0xc4, 0xf0, 0x2f, 0x00, 0x00, 0x00, 0x2f,
    0x00, 0x00, 0x00, 0x2f, 0x5d, 0xe9, 0x00, 0x2f, 0x90, 0x1c, 0x70, 0x2f, 0x10, 0x05, 0xd0, 0x2f,
    0x00, 0x03, 0xe0, 0x2f, 0x10, 0x04, 0xc0, 0x2e, 0x90, 0x0b, 0x60, 0x28, 0x6c, 0xd8, 0x00, 0x01,
    0xad, 0xd4, 0x00, 0x0a, 0x80, 0x3d, 0x00, 0x0f, 0x10, 0x05, 0x10, 0x2f, 0x00, 0x00, 0x00, 0x1f,
    0x20, 0x05, 0x10, 0x0a, 0x80, 0x3d, 0x00, 0x01, 0xbd, 0xd3, 0x00, 0x00, 0x00, 0x02, 0xf0, 0x00,
    0x00, 0x02, 0xf0, 0x01, 0xad, 0xc6, 0xf0, 0x09, 0x90, 0x0a, 0xf0, 0x0f, 0x20, 0x04, 0xf0, 0x2f,
    0x00, 0x02, 0xf0, 0x1f, 0x10, 0x04, 0xf0, 0x0a, 0x90, 0x1b, 0xf0, 0x01, 0xbd, 0xd5, 0xf0, 0x01,
    0x9d, 0xd8, 0x00, 0x09, 0xa0, 0x0b, 0x60, 0x1f, 0x20, 0x04, 0xc0, 0x2f, 0xdd, 0xdd, 0xd0, 0x1f,
    0x10, 0x00, 0x00, 0x0a, 0x80, 0x08, 0x80, 0x01, 0xad, 0xd9, 0x10, 0x00, 0x9e, 0xb0, 0x02, 0xf1,
    0x00, 0x4d, 0xfd, 0x60, 0x02, 0xf0, 0x00, 0x02, 0xf0, 0x00, 0x02, 0xf0, 0x00, 0x02, 0xf0, 0x00,
    0x02, 0xf0, 0x00, 0x02, 0xf0, 0x00, 0x00, 0x00, 0x09, 0x90, 0x00, 0x00, 0x29, 0x00, 0x06, 0xdd,
    0xd5, 0x00, 0x1f, 0x30, 0x6c, 0x00, 0x1e, 0x40, 0x6d, 0x00, 0x06, 0xed, 0xb3, 0x00, 0x1d, 0x10,
    0x00, 0x00, 0x1e, 0x10, 0x00, 0x00, 0x07, 0xfd, 0xdb, 0x50, 0x1f, 0x20, 0x06, 0xe0, 0x08, 0xdd,
    0xdc, 0x50, 0x2f, 0x00, 0x00, 0x2f, 0x00, 0x00, 0x2f, 0x5d, 0xd4, 0x2f, 0x80, 0x6c, 0x2f, 0x10,
    0x3e, 0x2f, 0x00, 0x2f, 0x2f, 0x00, 0x2f, 0x2f, 0x00, 0x2f, 0x2f, 0x00, 0x2f, 0x2d, 0x00, 0x2f,
    0x2f, 0x2f, 0x2f, 0x2f, 0x2f, 0x2f, 0x02, 0xd0, 0x00, 0x00, 0x02, 0xf0, 0x02, 0xf0, 0x02, 0xf0,
    0x02, 0xf0, 0x02, 0xf0, 0x02, 0xf0, 0x02, 0xf0, 0x04, 0xd0, 0xce, 0x60, 0x2f, 0x00, 0x00, 0x00,
    0x2f, 0x00, 0x00, 0x00, 0x2f, 0x00, 0x6a, 0x00, 0x2f, 0x04, 0xc1, 0x00, 0x2f, 0x3e, 0x30, 0x00,
    0x2f, 0xc8, 0x90, 0x00, 0x2f, 0x40, 0xd2, 0x00, 0x2f, 0x00, 0x79, 0x00, 0x2f, 0x00, 0x1d, 0x20,
    0x2f, 0x2f, 0x2f, 0x2f, 0x2f, 0x2f, 0x2f, 0x2f, 0x2f, 0x2d, 0x5c, 0xd2, 0x5c, 0xd3, 0x2e, 0x60,
    0x7c, 0x70, 0x6c, 0x2f, 0x10, 0x3f, 0x10, 0x3e, 0x2f, 0x00, 0x2f, 0x00, 0x2f, 0x2f, 0x00, 0x2f,
    0x00, 0x2f, 0x2f, 0x00, 0x2f, 0x00, 0x2f, 0x2f, 0x00, 0x2f, 0x00, 0x2f, 0x2d, 0x5c, 0xd4, 0x2e,
    0x70, 0x6c, 0x2f, 0x10, 0x3e, 0x2f, 0x00, 0x2f, 0x2f, 0x00, 0x2f, 0x2f, 0x00, 0x2f, 0x2f, 0x00,
    0x2f, 0x01, 0x9d, 0xd8, 0x00, 0x0a, 0x90, 0x1b, 0x60, 0x1f, 0x10, 0x04, 0xc0, 0x2f, 0x00, 0x03,
    0xe0, 0x1f, 0x10, 0x04, 0xd0, 0x0a, 0x90, 0x1b, 0x70, 0x01, 0xae, 0xd7, 0x00, 0x2d, 0x6d, 0xc1,
    0x2e, 0x60, 0xa9, 0x2f, 0x00, 0x4d, 0x2f, 0x00, 0x3e, 0x2f, 0x00, 0x4d, 0x2f, 0x60, 0x98, 0x2f,
    0x7d, 0xb1, 0x2f, 0x00, 0x00, 0x2f, 0x00, 0x00, 0x01, 0xad, 0xc4, 0xb0, 0x09, 0x90, 0x1b, 0xf0,
    0x0f, 0x20, 0x04, 0xf0, 0x2f, 0x00, 0x02, 0xf0, 0x1f, 0x20, 0x04, 0xf0, 0x0b, 0x90, 0x1b, 0xf0,
    0x01, 0xbd, 0xb5, 0xf0, 0x00, 0x00, 0x02, 0xf0, 0x00, 0x00, 0x02, 0xf0, 0x2f, 0x5d, 0x30, 0x2f,
    0x80, 0x00, 0x2f, 0x20, 0x00, 0x2f, 0x00, 0x00, 0x2f, 0x00, 0x00, 0x2f, 0x00, 0x00, 0x2f, 0x00,
    0x00, 0x06, 0xcd, 0xb1, 0x1f, 0x20, 0x77, 0x1f, 0x72, 0x00, 0x05, 0xbf, 0xd4, 0x00, 0x00, 0x7d,
    0x3c, 0x10, 0x5d, 0x06, 0xcd, 0xc4, 0x02, 0xb0, 0x00, 0x02, 0xf0, 0x00, 0x4d, 0xfd, 0x60, 0x02,
    0xf0, 0x00, 0x02, 0xf0, 0x00, 0x02, 0xf0, 0x00, 0x02, 0xf0, 0x00, 0x01, 0xf2, 0x00, 0x00, 0x8d,
    0xa0, 0x2f, 0x00, 0x2f, 0x2f, 0x00, 0x2f, 0x2f, 0x00, 0x2f, 0x2f, 0x00, 0x2f, 0x2f, 0x00, 0x4f,
    0x0e, 0x30, 0x9f, 0x05, 0xdb, 0x5f, 0xc5, 0x00, 0x59, 0x7a, 0x00, 0xa4, 0x2e, 0x10, 0xd0, 0x0c,
    0x54, 0x90, 0x07, 0xa9, 0x40, 0x02, 0xed, 0x00, 0x00, 0xb9, 0x00, 0xc3, 0x04, 0xc0, 0x08, 0x40,
    0x87, 0x08, 0xf1, 0x0c, 0x10, 0x4c, 0x0b, 0x95, 0x2b, 0x00, 0x0e, 0x2c, 0x49, 0x67, 0x00, 0x0a,
    0x98, 0x1d, 0xa3, 0x00, 0x06, 0xf4, 0x0b, 0xe0, 0x00, 0x02, 0xf0, 0x07, 0xa0, 0x00, 0x6c, 0x01,
    0xd1, 0x0c, 0x68, 0x60, 0x03, 0xec, 0x00, 0x00, 0xca, 0x00, 0x05, 0xae, 0x30, 0x1d, 0x16, 0xc0,
    0x96, 0x00, 0xc6, 0xc4, 0x00, 0x85, 0x79, 0x00, 0xc1, 0x1e, 0x04, 0x90, 0x0b, 0x59, 0x40, 0x06,
    0xbd, 0x00, 0x01, 0xf8, 0x00, 0x00, 0xb3, 0x00, 0x02, 0xc0, 0x00, 0xbd, 0x40, 0x00, 0x9d, 0xde,
    0xe0, 0x00, 0x0c, 0x60, 0x00, 0x8b, 0x00, 0x03, 0xe2, 0x00, 0x1d, 0x60, 0x00, 0x8a, 0x00, 0x00,
    0xfe, 0xdd, 0xd0, 0x00, 0xbd, 0x00, 0x02, 0xf0, 0x00, 0x02, 0xf0, 0x00, 0x02, 0xe0, 0x00, 0x06,
    0xb0, 0x00, 0x2f, 0x30, 0x00, 0x06, 0xb0, 0x00, 0x03, 0xe0, 0x00, 0x02, 0xf0, 0x00, 0x02, 0xf0,
    0x00, 0x00, 0xbc, 0x00, 0x17, 0x2f, 0x2f, 0x2f, 0x2f, 0x2f, 0x2f, 0x2f, 0x2f, 0x2f, 0x2f, 0x2f,
    0x2f, 0x2f, 0x2d, 0x80, 0x03, 0xe0, 0x02, 0xf0, 0x02, 0xf0, 0x00, 0xe4, 0x00, 0x6e, 0x00, 0xe3,
    0x02, 0xf0, 0x02, 0xf0, 0x03, 0xe0, 0x2d, 0x90, 0x2c, 0xc7, 0x23, 0x90, 0x54, 0x16, 0xbd, 0x60,
    0x4a, 0x70, 0x05, 0xbd, 0xdc, 0x70, 0xa1, 0xb0, 0x9e, 0x52, 0x25, 0x80, 0x5c, 0x84, 0xf4, 0x00,
    0x00, 0x00, 0x00, 0x09, 0xd0, 0x00, 0x00, 0x00, 0x00, 0x0b, 0xa0, 0x00, 0x00, 0x00, 0x00, 0x0b,
    0xa0, 0x00, 0x00, 0x00, 0x00, 0x09, 0xc0, 0x00, 0x00, 0x00, 0x00, 0x05, 0xf4, 0x00, 0x00, 0x00,
    0x00, 0x00, 0xbe, 0x61, 0x14, 0x80, 0x00, 0x00, 0x08, 0xdf, 0xec, 0x60, 0x00, 0x00, 0x00, 0x00,
    0x00, 0x00, 0x00, 0x6f, 0xee, 0xee, 0xee, 0xee, 0xef, 0x30, 0x00, 0x00, 0x00, 0x00, 0x00, 0x00,
    0x00, 0x8e, 0xdd, 0xdd, 0xed, 0xdd, 0xde, 0x90, 0x00, 0x00, 0x00, 0xf0, 0x00, 0x00, 0x00, 0x00,
    0x00, 0x00, 0xf0, 0x00, 0x00, 0x00, 0x00, 0x00, 0x00, 0xf0, 0x00, 0x00, 0x00, 0x00, 0x00, 0x00,
    0xf0, 0x00, 0x00, 0x00, 0x00, 0x00, 0x00, 0xf0, 0x00, 0x00, 0x00, 0x00, 0x00, 0x00, 0xf0, 0x00,
    0x00, 0x00, 0x00, 0x00, 0x00, 0xf0, 0x00, 0x00, 0x00, 0x00, 0x00, 0x00, 0xf0, 0x00, 0x00, 0x00,
    0x00, 0x00, 0x00, 0xf0, 0x00, 0x00, 0x00, 0x00, 0x00, 0x23, 0xe0, 0x00, 0x00, 0x00, 0x00, 0x00,
    0x9d, 0x70, 0x00, 0x00, 0x00, 0x00, 0x00, 0x00, 0x20, 0x00, 0x00, 0x00, 0x00, 0x00, 0x01, 0xf0,
    0x00, 0x00, 0x00, 0x00, 0x00, 0x00, 0xf0, 0x00, 0x00, 0x00, 0x00, 0x00, 0x00, 0xf0, 0x00, 0x00,
    0x00, 0x00, 0x00, 0x00, 0xf0, 0x25, 0x8c, 0xe4, 0x00, 0x02, 0x58, 0xfe, 0xc8, 0x52, 0x00, 0x0b,
    0xdc, 0x96, 0xf0, 0x00, 0x00, 0x00, 0x03, 0x00, 0x00, 0xf0, 0x00, 0x00, 0x00, 0x00, 0x00, 0x00,
    0xf0, 0x00, 0x00, 0x00, 0x00, 0x00, 0x00, 0xf0, 0x00, 0x00, 0x21, 0x00, 0x00, 0x00, 0xf0, 0x00,
    0x00, 0xa5, 0x00, 0x00, 0x00, 0xe1, 0x00, 0x00, 0xd3, 0x00, 0x00, 0x00, 0x8e, 0xee, 0xee, 0xd0,
    0x0c, 0xdc, 0xcc, 0xcc, 0xcc, 0xd9, 0x00, 0x00, 0x00, 0x00, 0x00, 0x00, 0x00, 0x00, 0x00, 0x00,
    0x00, 0x00, 0x00, 0x00, 0x00, 0x00, 0x00, 0x00, 0x00, 0x00, 0x00, 0x00, 0x00, 0x00, 0x00, 0x00,
    0x00, 0x00, 0x00, 0x00, 0xbd, 0xdd, 0xdd, 0xdd, 0x30, 0x00, 0x00, 0x00, 0x00, 0x00, 0x00, 0x00,
    0x00, 0x00, 0x00, 0x00, 0x00, 0x00, 0x00, 0x00, 0x00, 0x00, 0x00, 0x00, 0x00, 0x00, 0x00, 0x00,
    0x00, 0x00, 0x00, 0x00, 0x00, 0x00, 0x8d, 0xcc, 0xcc, 0xcc, 0xcc, 0xdd, 0x30, 0x00, 0x00, 0x00,
    0xa0, 0x00, 0x00, 0x00, 0x00, 0x00, 0x00, 0xf0, 0x00, 0x00, 0x00, 0x00, 0x00, 0x00, 0xf0, 0x00,
    0x00, 0x00, 0x00, 0x00, 0x00, 0xf0, 0x00, 0x00, 0x00, 0x00, 0x00, 0x00, 0xf0, 0x00, 0x00, 0x00,
    0x00, 0x00, 0x00, 0xfc, 0xcc, 0xd6, 0x00, 0x00, 0x00, 0x00, 0xf0, 0x00, 0x00, 0x00, 0x00, 0x00,
    0x00, 0xf0, 0x00, 0x00, 0x00, 0x00, 0x00, 0x00, 0xf0, 0x00, 0x00, 0x00, 0x00, 0x00, 0x00, 0xf0,
    0x00, 0x00, 0x00, 0x00, 0x00, 0x00, 0xf0, 0x00, 0x00, 0x00, 0x8d, 0xdd, 0xdd, 0xdd, 0xdd, 0xdd,
    0x80, 0x4d, 0xdd, 0xdd, 0xdd, 0xdd, 0xdd, 0xd0, 0x00, 0x00, 0x00, 0xf0, 0x00, 0x00, 0x00, 0x00,
    0x00, 0x00, 0xf0, 0x00, 0x00, 0x00, 0x00, 0x00, 0x00, 0xfa, 0x20, 0x00, 0x00, 0x00, 0x00, 0x00,
    0xf8, 0xe6, 0x00, 0x00, 0x00, 0x00, 0x00, 0xf0, 0x4d, 0xa1, 0x00, 0x00, 0x00, 0x00, 0xf0, 0x01,
    0x91, 0x00, 0x00, 0x00, 0x00, 0xf0, 0x00, 0x00, 0x00, 0x00, 0x00, 0x00, 0xf0, 0x00, 0x00, 0x00,
    0x00, 0x00, 0x00, 0xf0, 0x00, 0x00, 0x00, 0x00, 0x00, 0x00, 0xf0, 0x00, 0x00, 0x00, 0x00, 0x00,
    0x00, 0x70, 0x00, 0x00, 0x00, 0x00, 0x00, 0x00, 0x00, 0x00, 0x00, 0x00, 0x09, 0xcc, 0xde, 0xcc,
    0xce, 0x40, 0x00, 0x00, 0x00, 0x3b, 0x00, 0x0b, 0x40, 0x00, 0x00, 0x00, 0x4a, 0x00, 0x0c, 0x30,
    0x00, 0x00, 0x00, 0x59, 0x00, 0x0d, 0x20, 0x00, 0x00, 0x00, 0x68, 0x00, 0x0e, 0x10, 0x00, 0x08,
    0xcc, 0xed, 0xcc, 0xcf, 0x00, 0x00, 0x00, 0x00, 0x86, 0x00, 0x0e, 0x00, 0x00, 0x00, 0x00, 0x95,
    0x00, 0x1d, 0x00, 0x00, 0x00, 0x00, 0xb4, 0x00, 0x2c, 0x00, 0x00, 0x00, 0x00, 0xc3, 0x00, 0x3b,
    0x00, 0x00, 0xac, 0xcc, 0xcc, 0xcc, 0xcc, 0xcd, 0x10, 0xbc, 0xcc, 0xcd, 0xcc, 0xcc, 0xcc, 0xa0,
    0x00, 0x00, 0x0e, 0x00, 0x00, 0x00, 0x00, 0x00, 0x00, 0x0e, 0x00, 0x00, 0x00, 0x00, 0x0e, 0xcc,
    0xcf, 0xcc, 0xcc, 0xce, 0x00, 0x0e, 0x00, 0x0e, 0x00, 0x00, 0x0e, 0x00, 0x0e, 0x00, 0x3e, 0x60,
    0x00, 0x0e, 0x00, 0x0e, 0x00, 0x98, 0xcc, 0x40, 0x0e, 0x00, 0x0e, 0x07, 0xc0, 0x06, 0xea, 0x2e,
    0x00, 0x0e, 0x5b, 0x10, 0x00, 0x19, 0x7e, 0x00, 0x0e, 0x00, 0x00, 0x00, 0x00, 0x0e, 0x00, 0x0e,
    0x00, 0x00, 0x00, 0x02, 0x2d, 0x00, 0x0d, 0x00, 0x00, 0x00, 0x0a, 0xd6, 0x00, 0x00, 0x00, 0x0a,
    0x00, 0x00, 0x00, 0x00, 0x00, 0x0f, 0x00, 0x00, 0x00, 0x00, 0x00, 0x0e, 0x00, 0x00, 0x00, 0xfc,
    0xcc, 0xcf, 0xcc, 0xcc, 0xe0, 0xe0, 0x00, 0x0e, 0x00, 0x00, 0xe0, 0xe0, 0x00, 0x0e, 0x00, 0x00,
    0xe0, 0xe0, 0x00, 0x0e, 0x00, 0x00, 0xe0, 0xfc, 0xcc, 0xcf, 0xcc, 0xcc, 0xe0, 0x30, 0x00, 0x0e,
    0x00, 0x00, 0x30, 0x00, 0x00, 0x0e, 0x00, 0x00, 0x00, 0x00, 0x00, 0x0e, 0x00, 0x00, 0x00, 0x00,
    0x00, 0x0f, 0x00, 0x00, 0x00, 0x00, 0x00, 0x06, 0x00, 0x00, 0x00, 0x4f, 0xee, 0xee, 0xee, 0xef,
    0x10, 0x00, 0x00, 0x00, 0x03, 0xe6, 0x00, 0x00, 0x00, 0x00, 0x4e, 0x40, 0x00, 0x00, 0x00, 0x04,
    0xe4, 0x00, 0x00, 0x00, 0x00, 0x4e, 0x40, 0x00, 0x00, 0x00, 0x04, 0xe3, 0x00, 0x00, 0x00, 0x00,
    0x4e, 0x30, 0x00, 0x00, 0x00, 0x04, 0xe3, 0x00, 0x00, 0x00, 0x57, 0x1e, 0x40, 0x00, 0x00, 0x00,
    0x77, 0x3c, 0x00, 0x00, 0x00, 0x01, 0xb5, 0x0b, 0xee, 0xee, 0xee, 0xee, 0xd1, 0x00, 0x00, 0x0b,
    0x00, 0x00, 0x00, 0x00, 0x00, 0x00, 0x0f, 0x00, 0x00, 0x00, 0x00, 0x00, 0x00, 0x0f, 0x00, 0x00,
    0x00, 0x00, 0x03, 0xed, 0xdf, 0xdd, 0xe0, 0x00, 0x00, 0x00, 0x00, 0x0f, 0x00, 0xf0, 0x00, 0x00,
    0x00, 0x00, 0x0e, 0x00, 0xf0, 0x00, 0x00, 0x00, 0x00, 0x2d, 0x00, 0xf0, 0x00, 0x00, 0x00, 0x00,
    0x69, 0x00, 0xf0, 0x00, 0x00, 0x00, 0x01, 0xd3, 0x00, 0xf0, 0x00, 0x30, 0x00, 0x1b, 0x80, 0x00,
    0xf0, 0x02, 0xc0, 0x05, 0xd9, 0x00, 0x00, 0xe1, 0x04, 0xa0, 0x05, 0x40, 0x00, 0x00, 0x8e, 0xde,
    0x70, 0x01, 0xdd, 0xdd, 0xdd, 0xdd, 0xd0, 0x00, 0x00, 0x00, 0x00, 0x00, 0x00, 0x00, 0x00, 0x00,
    0x00, 0x00, 0x00, 0x00, 0x00, 0x00, 0x00, 0x00, 0x00, 0x00, 0x00, 0x00, 0x00, 0x00, 0x00, 0x00,
    0x00, 0x00, 0x00, 0x00, 0x00, 0x00, 0x00, 0x00, 0x00, 0x00, 0x00, 0x00, 0x00, 0x00, 0x00, 0x00,
    0x00, 0x00, 0x00, 0x00, 0x00, 0x00, 0x00, 0x00, 0x00, 0x9d, 0xdd, 0xdd, 0xdd, 0xdd, 0xdd, 0x40,
    0x00, 0x00, 0x00, 0x00, 0x00, 0x00, 0x00, 0x01, 0xcc, 0xcc, 0xcc, 0xcc, 0x80, 0x00, 0x00, 0x00,
    0x00, 0x00, 0x00, 0x00, 0x00, 0x00, 0x00, 0x00, 0x00, 0x00, 0x00, 0x00, 0x00, 0x00, 0x00, 0x00,
    0x00, 0x00, 0x00, 0x4c, 0xcc, 0xcc, 0xcc, 0xcc, 0xcc, 0x20, 0x00, 0x00, 0x6c, 0x00, 0x00, 0x00,
    0x00, 0x00, 0x01, 0xd3, 0x02, 0x70, 0x00, 0x00, 0x00, 0x08, 0x70, 0x01, 0xe3, 0x00, 0x00, 0x00,
    0x3c, 0x00, 0x00, 0x5d, 0x00, 0x00, 0x01, 0xc4, 0x24, 0x56, 0x7e, 0x70, 0x00, 0x06, 0xca, 0x97,
    0x65, 0x34, 0xe2, 0x00, 0x00, 0x00, 0x00, 0x00, 0x00, 0x51, 0x00, 0x00, 0x00, 0x00, 0x00, 0x00,
    0x00, 0x00, 0x07, 0xcc, 0xcc, 0xec, 0xcc, 0xcc, 0x80, 0x00, 0x00, 0x04, 0xb0, 0x00, 0x00, 0x00,
    0x00, 0x00, 0x06, 0x90, 0x00, 0x00, 0x00, 0x00, 0x00, 0x08, 0x70, 0x00, 0x00, 0x00, 0x00, 0x4d,
    0xce, 0xdc, 0xcf, 0x00, 0x00, 0x00, 0x00, 0x0c, 0x30, 0x0e, 0x00, 0x00, 0x00, 0x00, 0x0e, 0x10,
    0x0e, 0x00, 0x00, 0x00, 0x00, 0x1d, 0x00, 0x0e, 0x00, 0x00, 0x00, 0x00, 0x3b, 0x00, 0x0e, 0x00,
    0x00, 0x00, 0x00, 0x59, 0x00, 0x0e, 0x00, 0x00, 0x1d, 0xcc, 0xcc, 0xcc, 0xcc, 0xcc, 0xd2, 0x00,
    0x00, 0x01, 0x00, 0x00, 0x00, 0x00, 0x00, 0x00, 0x1d, 0x30, 0x00, 0x00, 0x00, 0x00, 0x00, 0x05,
    0xd2, 0x00, 0x00, 0x00, 0x9c, 0xcc, 0xcc, 0xec, 0xcc, 0xcc, 0x60, 0x00, 0x00, 0xa9, 0x00, 0x00,
    0x00, 0x00, 0x00, 0x05, 0xc0, 0x01, 0xc2, 0x00, 0x00, 0x00, 0x2d, 0x10, 0x0b, 0x90, 0x00, 0x00,
    0x00, 0xed, 0xbb, 0xda, 0x0a, 0x60, 0x00, 0x00, 0x10, 0x1b, 0x80, 0x9c, 0x10, 0x00, 0x00, 0x17,
    0xd5, 0x08, 0xc1, 0x00, 0x00, 0x09, 0xe9, 0x11, 0xaf, 0x50, 0x00, 0x00, 0x04, 0x10, 0x5d, 0x85,
    0xd9, 0x10, 0x00, 0x02, 0x7d, 0xb3, 0x00, 0x1a, 0xc3, 0x00, 0x0b, 0xa4, 0x00, 0x00, 0x00, 0x67,
    0x00, 0x00, 0x00, 0x03, 0x10, 0x00, 0x00, 0x00, 0x00, 0x00, 0x2e, 0x40, 0x00, 0x00, 0x00, 0x00,
    0x00, 0xbc, 0xbb, 0xe4, 0x00, 0x00, 0x00, 0x09, 0x80, 0x03, 0xa0, 0x00, 0x00, 0x01, 0xbe, 0xbb,
    0xbe, 0xdb, 0xb0, 0x00, 0x1d, 0x7d, 0x00, 0x0d, 0x00, 0xd0, 0x00, 0x02, 0x0d, 0x00, 0x0d, 0x00,
    0xd0, 0x00, 0x00, 0x0e, 0xbb, 0xcf, 0xeb, 0xc0, 0x00, 0x00, 0x02, 0x00, 0x6a, 0x9b, 0x10, 0x00,
    0x00, 0x00, 0x05, 0xd2, 0x95, 0xa0, 0x30, 0x00, 0x03, 0xab, 0x21, 0x90, 0x22, 0xb0, 0x03, 0xeb,
    0x50, 0x00, 0xbc, 0xcd, 0x70, 0x00, 0x10, 0x00, 0x00, 0x00, 0x00, 0x00, 0x00, 0x00, 0x00, 0x0d,
    0x00, 0x00, 0x00, 0x00, 0x00, 0x72, 0x0d, 0x00, 0x00, 0x00, 0x00, 0x00, 0xe3, 0x0c, 0x10, 0x00,
    0x00, 0x00, 0x01, 0xf1, 0x0a, 0x30, 0x00, 0x00, 0x00, 0x04, 0xd0, 0x07, 0x60, 0x00, 0x00, 0x00,
    0x06, 0x90, 0x04, 0x90, 0x00, 0x00, 0x00, 0x0a, 0x50, 0x00, 0xd0, 0x00, 0x00, 0x00, 0x0e, 0x10,
    0x00, 0x86, 0x00, 0x00, 0x00, 0x5b, 0x00, 0x00, 0x2d, 0x10, 0x00, 0x00, 0xc5, 0x00, 0x00, 0x07,
    0xb0, 0x00, 0x09, 0xb0, 0x00, 0x00, 0x00, 0xba, 0x00, 0x8c, 0x20, 0x00, 0x00, 0x00, 0x1a, 0x30,
    0x11, 0x00, 0x00, 0x00, 0x00, 0x00, 0x00, 0x00, 0x00, 0x02, 0x00, 0x00, 0x00, 0x00, 0x00, 0x00,
    0x1e, 0x30, 0x00, 0x00, 0x00, 0x00, 0x00, 0x06, 0xc0, 0x00, 0x00, 0x00, 0x00, 0x00, 0x00, 0x81,
    0x00, 0x00, 0x00, 0x3d, 0xcc, 0xcc, 0xcc, 0xcc, 0xcd, 0x60, 0x00, 0x00, 0x00, 0x00, 0x00, 0x00,
    0x00, 0x00, 0x00, 0xa5, 0x05, 0x30, 0x00, 0x00, 0x00, 0x01, 0xe1, 0x05, 0xd1, 0x00, 0x00, 0x00,
    0x07, 0x90, 0x00, 0xa9, 0x00, 0x00, 0x00, 0x1d, 0x20, 0x00, 0x1d, 0x40, 0x00, 0x00, 0xb6, 0x00,
    0x00, 0x05, 0xd1, 0x00, 0x0a, 0xa0, 0x00, 0x00, 0x00, 0xa9, 0x00, 0x8b, 0x10, 0x00, 0x00, 0x00,
    0x1e, 0x30, 0x11, 0x00, 0x00, 0x00, 0x00, 0x02, 0x00, 0x00, 0x00, 0x55, 0x00, 0x00, 0x00, 0x00,
    0x00, 0x00, 0xd5, 0x00, 0x00, 0x00, 0x00, 0x00, 0x05, 0xfc, 0xcc, 0xca, 0x00, 0x00, 0x00, 0x2d,
    0xd3, 0x03, 0xe3, 0x00, 0x00, 0x04, 0xd5, 0x2c, 0x5d, 0x50, 0x00, 0x00, 0x3e, 0x40, 0x06, 0xf9,
    0x00, 0x00, 0x00, 0x01, 0x01, 0x8d, 0x5a, 0xb4, 0x00, 0x00, 0x14, 0x9d, 0x8a, 0x40, 0x4c, 0xd9,
    0x20, 0x5b, 0x61, 0x06, 0xdc, 0x30, 0x26, 0x00, 0x00, 0x01, 0x50, 0x06, 0x20, 0x00, 0x00, 0x00,
    0x02, 0xcd, 0x60, 0x00, 0x00, 0x00, 0x00, 0x00, 0x04, 0xcd, 0x50, 0x00, 0x00, 0x00, 0x00, 0x00,
    0x05, 0x80, 0x00, 0x00, 0x00, 0x00, 0x00, 0xa0, 0x00, 0x00, 0x00, 0x00, 0x00, 0xe0, 0x00, 0x00,
    0x07, 0x80, 0x00, 0xe0, 0x00, 0xf0, 0x07, 0x80, 0x00, 0xe0, 0x00, 0xe0, 0x07, 0x80, 0x00, 0xe0,
    0x00, 0xe0, 0x07, 0xdc, 0xcc, 0xfc, 0xcc, 0xd0, 0x00, 0x00, 0x00, 0xe0, 0x00, 0x00, 0x0d, 0x00,
    0x00, 0xe0, 0x00, 0x77, 0x0e, 0x00, 0x00, 0xe0, 0x00, 0x77, 0x0e, 0x00, 0x00, 0xe0, 0x00, 0x77,
    0x0e, 0xcc, 0xcc, 0xfc, 0xcc, 0xd7, 0x00, 0x00, 0x00, 0x00, 0x00, 0x77, 0x00, 0x00, 0x00, 0x01,
    0x10, 0x00, 0x00, 0x00, 0x00, 0xd3, 0x07, 0x70, 0x00, 0x00, 0x00, 0x04, 0xd0, 0x02, 0xd0, 0x00,
    0x00, 0x00, 0x0a, 0x60, 0x00, 0x87, 0x00, 0x00, 0x00, 0x6c, 0x00, 0x00, 0x1c, 0x50, 0x00, 0x06,
    0xe2, 0x00, 0x00, 0x02, 0xd9, 0x10, 0x7d, 0x7c, 0xcf, 0xcc, 0xce, 0x19, 0x40, 0x11, 0x00, 0x1e,
    0x00, 0x0e, 0x00, 0x00, 0x00, 0x00, 0x4b, 0x00, 0x0e, 0x00, 0x00, 0x00, 0x00, 0xb6, 0x00, 0x0e,
    0x00, 0x00, 0x00, 0x07, 0xc0, 0x00, 0x0e, 0x00, 0x00, 0x01, 0x9d, 0x20, 0x02, 0x2e, 0x00, 0x00,
    0x09, 0xa2, 0x00, 0x09, 0xd6, 0x00, 0x00, 0x00, 0x62, 0x00, 0x00, 0x00, 0x00, 0x00, 0x6c, 0x00,
    0x00, 0x00, 0x00, 0x00, 0x09, 0x25, 0xbe, 0xaa, 0xad, 0x1c, 0xbb, 0xe1, 0x0d, 0x00, 0x0e, 0x00,
    0x05, 0xa1, 0x0d, 0x00, 0x0e, 0x00, 0x1d, 0x5c, 0x0d, 0x00, 0x0e, 0x01, 0xcf, 0xd3, 0x0e, 0x00,
    0x0e, 0x2c, 0x6e, 0xd3, 0x0e, 0x00, 0x0e, 0x55, 0x0e, 0x3b, 0x3b, 0x00, 0x0e, 0x00, 0x0e, 0x00,
    0x87, 0x00, 0x0e, 0x00, 0x0e, 0x02, 0xd1, 0x00, 0x0e, 0x00, 0x0e, 0x1c, 0x60, 0x01, 0x2d, 0x00,
    0x0d, 0x47, 0x00, 0x0b, 0xd6, 0x00, 0x00, 0x00, 0xa0, 0x00, 0x00, 0x00, 0x00, 0x00, 0x00, 0xf0,
    0x00, 0x00, 0x00, 0x00, 0x00, 0x00, 0xf0, 0x00, 0x00, 0x00, 0x00, 0x00, 0x00, 0xf0, 0x00, 0x00,
    0x00, 0x00, 0x00, 0x00, 0xf0, 0x00, 0x00, 0x00, 0x9e, 0xdd, 0xdd, 0xfd, 0xdd, 0xde, 0x90, 0x00,
    0x00, 0x00, 0xf0, 0x00, 0x00, 0x00, 0x00, 0x00, 0x00, 0xf0, 0x00, 0x00, 0x00, 0x00, 0x00, 0x00,
    0xf0, 0x00, 0x00, 0x00, 0x00, 0x00, 0x00, 0xf0, 0x00, 0x00, 0x00, 0x00, 0x00, 0x00, 0xf0, 0x00,
    0x00, 0x00, 0x00, 0x00, 0x00, 0xf0, 0x00, 0x00, 0x00, 0x00, 0x00, 0x00, 0x80, 0x00, 0x00, 0x00,
    0x00, 0x00, 0x11, 0x00, 0x00, 0x00, 0x00, 0x00, 0x00, 0xa7, 0x00, 0x00, 0x00, 0x00, 0x00, 0x01,
    0xe1, 0x00, 0x00, 0x00, 0x00, 0x00, 0x09, 0xdc, 0xcf, 0xcc, 0xcc, 0x60, 0x00, 0x4c, 0x00, 0x0e,
    0x00, 0x00, 0x00, 0x03, 0xe3, 0x00, 0x0e, 0x00, 0x00, 0x00, 0x0b, 0x50, 0x00, 0x0e, 0x00, 0x00,
    0x00, 0x06, 0xdc, 0xcc, 0xcf, 0xcc, 0xcc, 0xd4, 0x00, 0x00, 0x00, 0x0e, 0x00, 0x00, 0x00, 0x00,
    0x00, 0x00, 0x0e, 0x00, 0x00, 0x00, 0x00, 0x00, 0x00, 0x0e, 0x00, 0x00, 0x00, 0x00, 0x00, 0x00,
    0x0e, 0x00, 0x00, 0x00, 0x00, 0x00, 0x00, 0x0e, 0x00, 0x00, 0x00, 0x00, 0x00, 0x00, 0xa0, 0x00,
    0x00, 0x00, 0x00, 0x00, 0x00, 0xe0, 0x00, 0x00, 0x00, 0x00, 0x00, 0x00, 0xec, 0xcc, 0xc9, 0x00,
    0x00, 0x00, 0x00, 0xe0, 0x00, 0x00, 0x00, 0x00, 0x00, 0x00, 0xe0, 0x00, 0x00, 0x00, 0x0c, 0xcc,
    0xcc, 0xfc, 0xcc, 0xcc, 0xc3, 0x00, 0x00, 0x00, 0xe3, 0x00, 0x00, 0x00, 0x00, 0x00, 0x00, 0xed,
    0xb3, 0x00, 0x00, 0x00, 0x00, 0x00, 0xe0, 0x6e, 0xa2, 0x00, 0x00, 0x00, 0x00, 0xe0, 0x01, 0x8c,
    0x00, 0x00, 0x00, 0x00, 0xe0, 0x00, 0x00, 0x00, 0x00, 0x00, 0x00, 0xf0, 0x00, 0x00, 0x00, 0x00,
    0x00, 0x00, 0x90, 0x00, 0x00, 0x00, 0x00, 0x01, 0x6c, 0x10, 0x00, 0x00, 0x08, 0x9e, 0xa4, 0x0b,
    0xcc, 0xcb, 0x0e, 0x71, 0x01, 0x0e, 0x00, 0x0e, 0x0e, 0x00, 0x0f, 0x0e, 0x00, 0x0e, 0x0e, 0x00,
    0x0e, 0x0e, 0x00, 0x0e, 0x0e, 0x00, 0x0e, 0x0e, 0x00, 0x0e, 0x0e, 0x00, 0x2e, 0x0e, 0x00, 0x0e,
    0x0e, 0x6b, 0xbe, 0x0e, 0x00, 0x0e, 0x0e, 0x93, 0x3b, 0x0e, 0x02, 0x3d, 0x01, 0x00, 0xb5, 0x0e,
    0x0d, 0xc5, 0x00, 0x19, 0xa0, 0x0e, 0x00, 0x00, 0x27, 0xd9, 0x00, 0x0f, 0x00, 0x00, 0x29, 0x30,
    0x00, 0x09, 0x00, 0x00, 0x00, 0xfb, 0xbb, 0xcb, 0xbb, 0xbe, 0x00, 0xd0, 0x00, 0xe0, 0x00, 0x0e,
    0x00, 0xd4, 0xbb, 0xfb, 0xb9, 0x0e, 0x00, 0xd1, 0x11, 0xe1, 0x12, 0x1e, 0x00, 0xd6, 0x88, 0x88,
    0x88, 0x2e, 0x00, 0xe0, 0xab, 0xbb, 0xa0, 0x0e, 0x00, 0xe0, 0xd0, 0x02, 0xd0, 0x0e, 0x00, 0xe0,
    0xd0, 0x02, 0xd0, 0x0e, 0x01, 0xd0, 0xdb, 0xbc, 0xd0, 0x0e, 0x04, 0xa0, 0x30, 0x00, 0x30, 0x0e,
    0x1c, 0x40, 0x00, 0x00, 0x01, 0x2d, 0x26, 0x00, 0x00, 0x00, 0x09, 0xd7, 0x0c, 0xcc, 0xcc, 0xcc,
    0xcc, 0xc0, 0x0e, 0x00, 0xe0, 0x0e, 0x00, 0xe0, 0x0e, 0x00, 0xe0, 0x0e, 0x00, 0xe0, 0x0e, 0x00,
    0xe0, 0x0e, 0x00, 0xe0, 0x0e, 0x00, 0xe0, 0x0e, 0x00, 0xe0, 0x0e, 0x00, 0xd0, 0x0e, 0x00, 0xe0,
    0x0e, 0x06, 0x80, 0x0e, 0x00, 0xe0, 0x0e, 0x8b, 0x10, 0x07, 0xcc, 0xf0, 0x0e, 0x40, 0x00, 0x00,
    0x00, 0xe0, 0x0f, 0xcc, 0xcc, 0xcc, 0xcc, 0xf0, 0x0f, 0x00, 0x00, 0x00, 0x00, 0xe0, 0x00, 0x00,
    0x00, 0x00, 0x00, 0x00, 0x00, 0x00, 0x00, 0x00, 0x35, 0x70, 0x00, 0x06, 0x77, 0x9b, 0xdc, 0xb9,
    0x60, 0x00, 0x05, 0x64, 0x31, 0xe0, 0x00, 0x00, 0x00, 0x00, 0x00, 0x00, 0xe0, 0x00, 0x00, 0x00,
    0x00, 0x00, 0x00, 0xe0, 0x00, 0x00, 0x00, 0x00, 0x00, 0x00, 0xe0, 0x00, 0x00, 0x00, 0x6c, 0xcc,
    0xcc, 0xfc, 0xcc, 0xcc, 0xa0, 0x00, 0x00, 0x00, 0xe0, 0x00, 0x00, 0x00, 0x00, 0x00, 0x00, 0xe0,
    0x00, 0x00, 0x00, 0x00, 0x00, 0x00, 0xe0, 0x00, 0x00, 0x00, 0x00, 0x00, 0x00, 0xe0, 0x00, 0x00,
    0x00, 0x0b, 0xcc, 0xcc, 0xcc, 0xcc, 0xca, 0x00, 0x00, 0x01, 0x00, 0x00, 0x90, 0x00, 0x00, 0x00,
    0x0e, 0x30, 0x00, 0xf0, 0x00, 0x00, 0x00, 0x2e, 0x00, 0x00, 0xe0, 0x00, 0x00, 0x00, 0x5e, 0xcd,
    0x30, 0xe6, 0x00, 0x00, 0x00, 0xa5, 0x0a, 0x20, 0xed, 0x70, 0x00, 0x02, 0xf2, 0x0c, 0x00, 0xe1,
    0xd7, 0x00, 0x0a, 0xe5, 0x2b, 0x00, 0xe0, 0x17, 0x00, 0x4d, 0x5a, 0x77, 0x00, 0xe0, 0x00, 0x00,
    0x34, 0x0c, 0xd1, 0x00, 0xe0, 0x00, 0x00, 0x00, 0x1c, 0xd2, 0x00, 0xe0, 0x00, 0x00, 0x03, 0xc8,
    0x6d, 0x72, 0x80, 0x00, 0x00, 0x4e, 0x60, 0x03, 0x9d, 0xef, 0xee, 0x20, 0x00, 0x00, 0x00, 0x00,
    0x00, 0x01, 0x00, 0x00, 0x00, 0x00, 0x00, 0x00, 0x00, 0x00, 0x08, 0xbb, 0xbc, 0xeb, 0xbb, 0xbb,
    0x60, 0x00, 0x0b, 0xbe, 0xdb, 0xbb, 0xa0, 0x00, 0x00, 0x0e, 0x66, 0x66, 0x66, 0xd0, 0x00, 0x00,
    0x0d, 0x44, 0x44, 0x44, 0xd0, 0x00, 0x00, 0x0e, 0xbb, 0xbb, 0xbb, 0xd0, 0x00, 0x00, 0x0e, 0x88,
    0x88, 0x88, 0xd0, 0x00, 0x00, 0x08, 0x9b, 0x11, 0x11, 0x80, 0x00, 0x00, 0x19, 0xfc, 0xbb, 0xde,
    0x40, 0x00, 0x06, 0xd8, 0x3b, 0x76, 0xd3, 0x00, 0x00, 0x03, 0x10, 0x16, 0xdc, 0xb5, 0x20, 0x00,
    0x0b, 0xba, 0xa6, 0x10, 0x38, 0xce, 0x80, 0x00, 0x00, 0x00, 0x00, 0x00, 0x00, 0x00, 0x00, 0x00,
    0x01, 0x00, 0x00, 0x00, 0x00, 0x00, 0x0b, 0x70, 0x00, 0x00, 0x00, 0x00, 0x8d, 0xcc, 0xde, 0x20,
    0x00, 0x2b, 0xf4, 0x02, 0xd4, 0x00, 0x08, 0xd6, 0x4d, 0x5c, 0x50, 0x00, 0x01, 0x00, 0x2a, 0xd3,
    0x00, 0x00, 0x05, 0x8b, 0xd7, 0x5d, 0x00, 0x00, 0x07, 0x84, 0x05, 0xec, 0xcc, 0xf7, 0x00, 0x02,
    0xaf, 0x30, 0x08, 0xb0, 0x03, 0xcd, 0x68, 0xc1, 0x8c, 0x10, 0x00, 0x50, 0x00, 0x9c, 0xa1, 0x00,
    0x14, 0x34, 0x7b, 0xc5, 0x00, 0x00, 0x0a, 0xa9, 0x73, 0x00, 0x00, 0x00, 0x00, 0x00, 0x00, 0x90,
    0x00, 0x00, 0x00, 0x00, 0x00, 0x00, 0xf0, 0x00, 0x00, 0x00, 0x00, 0x00, 0x00, 0xe0, 0x00, 0x00,
    0x00, 0x00, 0x00, 0x00, 0xe0, 0x00, 0x00, 0x00, 0x1d, 0xdd, 0xdd, 0xfd, 0xdd, 0xdd, 0x40, 0x00,
    0x00, 0x01, 0xf5, 0x00, 0x00, 0x00, 0x00, 0x00, 0x04, 0xda, 0x00, 0x00, 0x00, 0x00, 0x00, 0x0a,
    0x5c, 0x20, 0x00, 0x00, 0x00, 0x00, 0x2d, 0x14, 0xb0, 0x00, 0x00, 0x00, 0x01, 0xc4, 0x00, 0x98,
    0x00, 0x00, 0x00, 0x1b, 0x80, 0x00, 0x1b, 0x90, 0x00, 0x17, 0xd6, 0x00, 0x00, 0x01, 0xad, 0x30,
    0x07, 0x20, 0x00, 0x00, 0x00, 0x04, 0x00, 0x00, 0x00, 0x00, 0x00, 0x00, 0x00, 0x00, 0x00, 0xac,
    0xcc, 0xfc, 0xcc, 0xc0, 0x00, 0x00, 0x00, 0x00, 0xe0, 0x00, 0x00, 0x00, 0x00, 0x00, 0x00, 0xe0,
    0x00, 0x00, 0x00, 0x00, 0x00, 0x00, 0xe0, 0x00, 0x00, 0x00, 0x0a, 0xcc, 0xcc, 0xfc, 0xcc, 0xcd,
    0x10, 0x00, 0x00, 0x02, 0xf5, 0x00, 0x00, 0x00, 0x00, 0x00, 0x07, 0xbb, 0x00, 0x00, 0x00, 0x00,
    0x00, 0x1d, 0x2b, 0x40, 0x00, 0x00, 0x00, 0x00, 0xa7, 0x02, 0xc2, 0x00, 0x00, 0x00, 0x1b, 0x90,
    0x00, 0x4d, 0x50, 0x00, 0x19, 0xe7, 0x00, 0x00, 0x03, 0xcc, 0x30, 0x04, 0x10, 0x00, 0x00, 0x00,
    0x03, 0x00, 0x00, 0x00, 0x00, 0x00, 0x00, 0x00, 0x00, 0x00, 0xdc, 0xcc, 0xcc, 0xdf, 0x60, 0x00,
    0x00, 0x00, 0x00, 0x02, 0xd7, 0x00, 0x00, 0x00, 0x00, 0x00, 0x4d, 0x40, 0x00, 0x00, 0x00, 0x00,
    0x00, 0xe3, 0x00, 0x00, 0x00, 0x00, 0x00, 0x00, 0xe0, 0x00, 0x00, 0x00, 0x9c, 0xcc, 0xcc, 0xfc,
    0xcc, 0xcd, 0x50, 0x00, 0x00, 0x00, 0xe0, 0x00, 0x00, 0x00, 0x00, 0x00, 0x00, 0xe0, 0x00, 0x00,
    0x00, 0x00, 0x00, 0x00, 0xe0, 0x00, 0x00, 0x00, 0x00, 0x00, 0x23, 0xe0, 0x00, 0x00, 0x00, 0x00,
    0x00, 0x8d, 0x70, 0x00, 0x00, 0x00, 0x00, 0x00, 0x02, 0x10, 0x00, 0x00, 0x00, 0x00, 0x00, 0x07,
    0xc1, 0x00, 0x00, 0x00, 0x09, 0x99, 0x99, 0xc9, 0x99, 0x99, 0x50, 0x0d, 0x00, 0x00, 0x00, 0x00,
    0x05, 0x80, 0x0d, 0x3b, 0xbb, 0xbb, 0xbb, 0x85, 0x80, 0x01, 0x00, 0x00, 0xd0, 0x00, 0x00, 0x00,
    0x00, 0x5b, 0xbb, 0xfb, 0xbb, 0xa0, 0x00, 0x00, 0x75, 0x00, 0xd0, 0x00, 0xd0, 0x00, 0x00, 0x6d,
    0xbb, 0xfb, 0xbb, 0xc0, 0x00, 0x00, 0x75, 0x00, 0xd0, 0x00, 0xc0, 0x00, 0x00, 0x6c, 0xcb, 0xdb,
    0xbc, 0xb0, 0x00, 0x00, 0x05, 0xc0, 0x00, 0x4d, 0x40, 0x00, 0x01, 0x8c, 0x20, 0x00, 0x04, 0xd8,
    0x00, 0x2d, 0x70, 0x00, 0x00, 0x00, 0x19, 0x30, 0x00, 0x00, 0x00, 0x00, 0x00, 0x00, 0x00, 0x00,
    0x00, 0x01, 0x00, 0x00, 0x00, 0x00, 0x00, 0x00, 0x0b, 0x50, 0x00, 0x00, 0x00, 0x0b, 0xbb, 0xbc,
    0xcb, 0xbb, 0xba, 0x00, 0x0d, 0x00, 0xa0, 0x0a, 0x00, 0x0d, 0x00, 0x09, 0x8b, 0xea, 0xae, 0xab,
    0x59, 0x00, 0x00, 0x00, 0xd0, 0x0d, 0x00, 0x00, 0x00, 0x00, 0x8b, 0xeb, 0xbe, 0xbb, 0x60, 0x00,
    0x00, 0x00, 0xd0, 0x0d, 0x00, 0x00, 0x00, 0x1b, 0xab, 0xfb, 0xae, 0xba, 0xab, 0x20, 0x00, 0x0a,
    0x88, 0x13, 0xc4, 0x00, 0x00, 0x03, 0xb8, 0x06, 0xd4, 0x19, 0xc9, 0x30, 0x4c, 0x40, 0x42, 0x34,
    0x00, 0x14, 0x20, 0x00, 0x00, 0x5d, 0x81, 0x00, 0x00, 0x00, 0x00, 0x00, 0x01, 0x89, 0x00, 0x00,
    0x00, 0x00, 0x00, 0x00, 0x06, 0x00, 0x00, 0x00, 0x00, 0x00, 0x00, 0x0f, 0x00, 0x00, 0x00, 0x00,
    0x00, 0x00, 0x0e, 0x00, 0x00, 0x00, 0x00, 0x00, 0x00, 0x0e, 0x00, 0x00, 0x00, 0x00, 0x03, 0xd0,
    0x0e, 0x05, 0xa0, 0x00, 0x00, 0x07, 0x90, 0x0e, 0x01, 0xd5, 0x00, 0x00, 0x1d, 0x30, 0x0e, 0x00,
    0x4e, 0x10, 0x00, 0x99, 0x00, 0x0e, 0x00, 0x0a, 0x90, 0x08, 0xd1, 0x00, 0x0e, 0x00, 0x01, 0xe3,
    0x18, 0x20, 0x00, 0x0e, 0x00, 0x00, 0x41, 0x00, 0x00, 0x00, 0x0e, 0x00, 0x00, 0x00, 0x00, 0x00,
    0x02, 0x3e, 0x00, 0x00, 0x00, 0x00, 0x00, 0x08, 0xd7, 0x00, 0x00, 0x00, 0x00, 0xec, 0xcc, 0xcc,
    0xcc, 0xcd, 0x00, 0x00, 0xe0, 0x00, 0x00, 0x00, 0x0d, 0x00, 0x00, 0xec, 0xcc, 0xcc, 0xcc, 0xca,
    0x00, 0x00, 0xe0, 0x00, 0x00, 0x00, 0x00, 0x00, 0x00, 0xe0, 0xbb, 0xbb, 0xbb, 0xb8, 0x00, 0x00,
    0xe0, 0x00, 0x00, 0x00, 0x00, 0x00, 0x00, 0xe8, 0xbb, 0xbb, 0xbb, 0xbb, 0x90, 0x00, 0xe0, 0x00,
    0xc7, 0x00, 0x00, 0x00, 0x03, 0xb0, 0x08, 0x90, 0x02, 0x40, 0x00, 0x08, 0x70, 0x6b, 0x01, 0x27,
    0xe4, 0x00, 0x4d, 0x14, 0xeb, 0xa9, 0x86, 0x6d, 0x20, 0x02, 0x00, 0x00, 0x00, 0x00, 0x01, 0x00,
    0x4d, 0xcc, 0xcc, 0xcc, 0xf0, 0x00, 0x00, 0x00, 0x00, 0x00, 0xe0, 0x00, 0x00, 0x00, 0x00, 0x00,
    0xe0, 0x00, 0x00, 0x00, 0x00, 0x00, 0xe0, 0x00, 0x0f, 0xcc, 0xcc, 0xcc, 0xf0, 0x00, 0x0e, 0x00,
    0x00, 0x00, 0x30, 0x00, 0x0e, 0x00, 0x00, 0x00, 0x00, 0x00, 0x0e, 0x00, 0x00, 0x00, 0x00, 0xc1,
    0x0e, 0x00, 0x00, 0x00, 0x00, 0xe0, 0x0e, 0x10, 0x00, 0x00, 0x04, 0xc0, 0x07, 0xdd, 0xdd, 0xdd,
    0xdd, 0x60, 0xcc, 0xcc, 0xcc, 0xcc, 0xc0, 0x00, 0xe0, 0x00, 0x00, 0x00, 0xe0, 0x00, 0xe0, 0x00,
    0x00, 0x00, 0xe0, 0x00, 0xe0, 0x00, 0x00, 0x00, 0xe0, 0x00, 0xec, 0xcc, 0xcc, 0xcc, 0xf0, 0x00,
    0xe0, 0x00, 0x00, 0x00, 0xd0, 0x00, 0xe0, 0x00, 0x00, 0x00, 0x00, 0x00, 0xe0, 0x00, 0x00, 0x00,
    0x07, 0x70, 0xe0, 0x00, 0x00, 0x00, 0x08, 0x60, 0xe1, 0x00, 0x00, 0x00, 0x0c, 0x40, 0x7d, 0xdd,
    0xdd, 0xdd, 0xdb, 0x00, 0x00, 0x03, 0x40, 0x00, 0x00, 0x00, 0x00, 0x00, 0x0a, 0x80, 0x00, 0x00,
    0x00, 0x00, 0x00, 0x2f, 0xcc, 0xcc, 0xcc, 0xcc, 0x40, 0x00, 0xb5, 0x00, 0x0e, 0x00, 0x00, 0x00,
    0x07, 0xb0, 0x00, 0x0e, 0x00, 0x00, 0x00, 0x5d, 0x1f, 0xcc, 0xcf, 0xcc, 0xc9, 0x00, 0x22, 0x0e,
    0x00, 0x0e, 0x00, 0x00, 0x00, 0x00, 0x0e, 0x00, 0x0e, 0x00, 0x00, 0x00, 0x4c, 0xbd, 0xbb, 0xbf,
    0xbb, 0xbb, 0xc1, 0x00, 0x00, 0x00, 0x0e, 0x00, 0x00, 0x00, 0x00, 0x00, 0x00, 0x0e, 0x00, 0x00,
    0x00, 0x00, 0x00, 0x00, 0x0e, 0x00, 0x00, 0x00, 0x00, 0x00, 0x00, 0x08, 0x00, 0x00, 0x00, 0x00,
    0x00, 0x00, 0x00, 0x00, 0x00, 0x00, 0x00, 0x00, 0x00, 0xb7, 0x00, 0x00, 0x00, 0x00, 0xab, 0xbb,
    0xce, 0xbb, 0xbb, 0x00, 0x00, 0xe0, 0x00, 0x0c, 0x00, 0x00, 0x00, 0x00, 0xe3, 0xcb, 0xbf, 0xbb,
    0xa0, 0x00, 0x00, 0xe0, 0x00, 0x0e, 0x00, 0xd0, 0x00, 0x00, 0xd9, 0xbb, 0xbf, 0xbb, 0xfb, 0x50,
    0x00, 0xd0, 0x00, 0x0e, 0x00, 0xd0, 0x00, 0x00, 0xd4, 0xcb, 0xbf, 0xbb, 0xd0, 0x00, 0x00, 0xd0,
    0x00, 0x3d, 0x90, 0x00, 0x00, 0x03, 0xb0, 0x00, 0xb4, 0x95, 0x00, 0x00, 0x09, 0x60, 0x2b, 0x80,
    0x1c, 0x70, 0x00, 0x5c, 0x29, 0xd6, 0x00, 0x01, 0xac, 0x10, 0x01, 0x05, 0x10, 0x00, 0x00, 0x01,
    0x00, 0x00, 0x00, 0xa0, 0x00, 0x0a, 0x00, 0x00, 0x00, 0x00, 0xf0, 0x00, 0x0f, 0x00, 0x00, 0x00,
    0x00, 0xe0, 0x00, 0x0e, 0x00, 0x00, 0x00, 0x00, 0xe0, 0x00, 0x0e, 0x00, 0x00, 0x3d, 0xcc, 0xfc,
    0xcc, 0xcf, 0xcc, 0xd0, 0x00, 0x00, 0xe0, 0x00, 0x0e, 0x00, 0x00, 0x00, 0x00, 0xe0, 0x00, 0x0e,
    0x00, 0x00, 0x00, 0x00, 0xe0, 0x00, 0x0e, 0x00, 0x00, 0x00, 0x00, 0xe0, 0x00, 0x0e, 0x00, 0x00,
    0x00, 0x00, 0xe0, 0x00, 0x0e, 0x00, 0x00, 0x00, 0x00, 0xfc, 0xcc, 0xcf, 0x00, 0x00, 0x00, 0x00,
    0xf0, 0x00, 0x0f, 0x00, 0x00, 0x00, 0x00, 0x60, 0x00, 0x06, 0x00, 0x00, 0x00, 0x00, 0x00, 0x09,
    0x30, 0x00, 0x00, 0x9a, 0xab, 0x00, 0x04, 0xd1, 0x00, 0x00, 0x00, 0x0c, 0x3c, 0xbb, 0xcb, 0xbc,
    0x40, 0x00, 0x0c, 0x00, 0x1b, 0x00, 0x00, 0x00, 0x2c, 0xbe, 0x00, 0x78, 0x03, 0x30, 0x00, 0x58,
    0x00, 0x01, 0xc1, 0x0c, 0x50, 0x00, 0x75, 0x00, 0x0a, 0xa6, 0x8a, 0x00, 0x00, 0x8b, 0xbc, 0x04,
    0x45, 0xd1, 0x00, 0x00, 0x00, 0x0c, 0x00, 0x0a, 0x30, 0x00, 0x00, 0x00, 0x0c, 0x00, 0x77, 0x04,
    0xb0, 0x00, 0x00, 0x1c, 0x06, 0xd6, 0x88, 0xd6, 0x00, 0x03, 0xe7, 0x07, 0x53, 0x10, 0x1b, 0x00,
    0x00, 0x00, 0x03, 0x00, 0x00, 0x00, 0x00, 0x00, 0x00, 0x0b, 0x80, 0x00, 0x00, 0x00, 0x00, 0x00,
    0x01, 0xd7, 0x00, 0x00, 0x00, 0x00, 0x00, 0x40, 0x2e, 0x40, 0x00, 0x00, 0x00, 0x00, 0xf0, 0x03,
    0x10, 0x00, 0x00, 0x01, 0x10, 0xe0, 0x00, 0x05, 0x80, 0x00, 0x09, 0x80, 0xe0, 0x00, 0x01, 0xd6,
    0x00, 0x1e, 0x20, 0xe0, 0x00, 0x00, 0x3e, 0x30, 0x6b, 0x00, 0xe0, 0x00, 0x00, 0x05, 0xd0, 0xb5,
    0x00, 0xe0, 0x00, 0x03, 0x40, 0x20, 0x41, 0x00, 0xe0, 0x00, 0x06, 0x80, 0x00, 0x00, 0x00, 0xe0,
    0x00, 0x09, 0x60, 0x00, 0x00, 0x00, 0x8e, 0xdd, 0xde, 0x20, 0x00, 0x00, 0x00, 0x00, 0x00, 0x10,
    0x00, 0x00, 0x00, 0x0b, 0x00, 0x00, 0xc2, 0x00, 0x00, 0x00, 0x0f, 0x00, 0x00, 0x4b, 0x00, 0x00,
    0x00, 0x0e, 0x07, 0xbb, 0xbb, 0xbb, 0xb6, 0x03, 0x4f, 0xc1, 0x00, 0x00, 0x00, 0x00, 0x0a, 0x6e,
    0xab, 0x0d, 0xbb, 0xbd, 0x00, 0x1e, 0x1e, 0x16, 0x0d, 0x00, 0x0d, 0x00, 0x28, 0x0e, 0x00, 0x0d,
    0x00, 0x0d, 0x00, 0x00, 0x0e, 0x00, 0x0e, 0xbe, 0xbe, 0x00, 0x00, 0x0e, 0x00, 0x06, 0x0d, 0x63,
    0x00, 0x00, 0x0e, 0x00, 0x6b, 0x0d, 0x3d, 0x30, 0x00, 0x0e, 0x03, 0xd2, 0x0d, 0x04, 0xd2, 0x00,
    0x0e, 0x3d, 0x30, 0x1d, 0x00, 0x53, 0x00, 0x0f, 0x23, 0x00, 0xd7, 0x00, 0x00, 0x00, 0x01, 0x00,
    0x00, 0x00, 0x00, 0x00, 0x00, 0x00, 0x00, 0xa0, 0x32, 0x00, 0x00, 0x00, 0x00, 0x00, 0xf0, 0x7d,
    0x20, 0x00, 0x00, 0x00, 0x00, 0xe0, 0x06, 0x40, 0x00, 0x00, 0xec, 0xcc, 0xfc, 0xcc, 0xcb, 0x00,
    0x00, 0xe0, 0x00, 0xd1, 0x00, 0x40, 0x00, 0x00, 0xe0, 0x00, 0xc3, 0x06, 0xc0, 0x00, 0x00, 0xe0,
    0x00, 0x96, 0x0d, 0x40, 0x00, 0x00, 0xe0, 0x00, 0x4c, 0x8a, 0x00, 0x00, 0x00, 0xe0, 0x00, 0x0d,
    0xc1, 0x00, 0x00, 0x01, 0xd0, 0x00, 0x7d, 0xd1, 0x0e, 0x00, 0x06, 0x90, 0x3c, 0xb1, 0x6c, 0x1f,
    0x10, 0x3d, 0x5c, 0xd6, 0x00, 0x06, 0xdf, 0x00, 0x03, 0x03, 0x00, 0x00, 0x00, 0x27, 0x00, 0x00,
    0x00, 0x00, 0x05, 0x03, 0x00, 0x00, 0x00, 0x00, 0x00, 0x1e, 0x1d, 0x40, 0x00, 0x00, 0x00, 0x00,
    0x1e, 0x04, 0xa0, 0x00, 0x00, 0xec, 0xcc, 0xcf, 0xcc, 0xcc, 0x50, 0x00, 0xe0, 0x00, 0x0e, 0x00,
    0x43, 0x00, 0x00, 0xe0, 0x00, 0x0d, 0x10, 0xd3, 0x00, 0x00, 0xeb, 0xbc, 0x1a, 0x56, 0xb0, 0x00,
    0x00, 0xe0, 0x00, 0x06, 0xcd, 0x20, 0x00, 0x00, 0xd0, 0x00, 0x01, 0xf6, 0x01, 0x00, 0x02, 0xc0,
    0x00, 0x5c, 0x7d, 0x17, 0x80, 0x09, 0x73, 0x7d, 0xb2, 0x06, 0xc8, 0x80, 0x5b, 0x4d, 0x93, 0x00,
    0x00, 0x5e, 0x80, 0x00, 0x00, 0x00, 0x00, 0x00, 0x02, 0x20, 0x01, 0x06, 0x03, 0x02, 0x20, 0x00,
    0x00, 0x4c, 0x0d, 0x3c, 0x08, 0x60, 0x00, 0x00, 0x09, 0x7d, 0xc3, 0x0a, 0x20, 0x00, 0x00, 0x8a,
    0xde, 0xca, 0x3d, 0xcc, 0xcc, 0x00, 0x07, 0xad, 0xd3, 0x4f, 0x20, 0xc0, 0x00, 0x5d, 0x1d, 0x49,
    0xba, 0x42, 0xa0, 0x00, 0x82, 0x86, 0x04, 0xb4, 0x74, 0x90, 0x00, 0x7b, 0xeb, 0xb4, 0x11, 0xb9,
    0x40, 0x00, 0x03, 0xa0, 0xa4, 0x00, 0x9d, 0x00, 0x00, 0x07, 0xc4, 0xd0, 0x00, 0x8d, 0x10, 0x00,
    0x00, 0x7f, 0x70, 0x05, 0xc6, 0xb1, 0x00, 0x49, 0xd6, 0xd5, 0x9d, 0x20, 0x7d, 0x30, 0x24, 0x10,
    0x24, 0x91, 0x00, 0x03, 0x00, 0x00, 0x00, 0x09, 0x10, 0x00, 0x00, 0x00, 0x00, 0x00, 0x08, 0xc0,
    0x00, 0x00, 0x00, 0x00, 0x00, 0x00, 0xa4, 0x00, 0x00, 0x00, 0x5d, 0xcc, 0xcc, 0xcc, 0xdc, 0xcd,
    0x30, 0x00, 0x04, 0x90, 0x00, 0xc4, 0x00, 0x00, 0x00, 0x00, 0xd0, 0x01, 0xf1, 0x00, 0x00, 0x00,
    0x00, 0x95, 0x06, 0xb0, 0x00, 0x00, 0x00, 0x00, 0x2c, 0x0c, 0x40, 0x00, 0x00, 0x00, 0x00, 0x08,
    0xba, 0x00, 0x00, 0x00, 0x00, 0x00, 0x06, 0xf7, 0x00, 0x00, 0x00, 0x00, 0x03, 0xbc, 0x2b, 0xa2,
    0x00, 0x00, 0x29, 0xce, 0x70, 0x00, 0x6e, 0xb8, 0x20, 0x08, 0x50, 0x00, 0x00, 0x00, 0x47, 0x00,
    0x00, 0x00, 0x00, 0x00, 0x00, 0x00, 0x00, 0x00, 0x09, 0x50, 0x00, 0x00, 0x03, 0x00, 0x06, 0xab,
    0xea, 0xa3, 0xcb, 0xb9, 0x00, 0x00, 0x92, 0x09, 0x30, 0xd0, 0x00, 0x00, 0x00, 0x4c, 0x4b, 0x00,
    0xd0, 0x00, 0x00, 0x08, 0xaa, 0xeb, 0xa6, 0xeb, 0xbb, 0x50, 0x01, 0x11, 0xd1, 0x11, 0xd0, 0xc0,
    0x00, 0x00, 0x00, 0xd0, 0x00, 0xd0, 0xc0, 0x00, 0x07, 0xbb, 0xeb, 0xb5, 0xc0, 0xc0, 0x00, 0x00,
    0x54, 0xd7, 0x01, 0xb0, 0xc0, 0x00, 0x00, 0xd2, 0xda, 0x73, 0x90, 0xc0, 0x00, 0x07, 0x90, 0xd1,
    0xb8, 0x50, 0xc0, 0x00, 0x3c, 0x10, 0xd0, 0x3c, 0x00, 0xd0, 0x00, 0x02, 0x2e, 0x70, 0x93, 0x00,
    0xd0, 0x00, 0xec, 0xcc, 0xcc, 0xcc, 0xe0, 0xe0, 0x00, 0x00, 0x00, 0xe0, 0xe0, 0x00, 0x00, 0x00,
    0xe0, 0xe0, 0x00, 0x00, 0x00, 0xe0, 0xec, 0xcc, 0xcc, 0xcc, 0xe0, 0xe0, 0x00, 0x00, 0x00, 0xe0,
    0xe0, 0x00, 0x00, 0x00, 0xe0, 0xe0, 0x00, 0x00, 0x00, 0xe0, 0xe0, 0x00, 0x00, 0x00, 0xe0, 0xec,
    0xcc, 0xcc, 0xcc, 0xe0, 0xf0, 0x00, 0x00, 0x00, 0xe0, 0x00, 0x00, 0x00, 0x00, 0x00, 0x00, 0x00,
    0x00, 0x00, 0x00, 0x00, 0xcb, 0xbc, 0x00, 0xfb, 0xbb, 0xd0, 0xd0, 0x0e, 0x00, 0xd0, 0x00, 0xd0,
    0xd0, 0x0e, 0x00, 0xd0, 0x00, 0xd0, 0xd0, 0x0e, 0x00, 0xe9, 0x99, 0xd0, 0xfb, 0xbf, 0x00, 0xe2,
    0x22, 0xd0, 0xd0, 0x0e, 0x00, 0xd0, 0x00, 0xd0, 0xd0, 0x0e, 0x00, 0xe8, 0x88, 0xd0, 0xfb, 0xbf,
    0x01, 0xc0, 0x00, 0xd0, 0x70, 0x07, 0x04, 0x90, 0x00, 0xd0, 0x00, 0x00, 0x1c, 0x20, 0x00, 0xd0,
    0x00, 0x03, 0xc4, 0x00, 0x12, 0xd0, 0x00, 0x3b, 0x30, 0x00, 0x6e, 0x70, 0x00, 0xeb, 0xbb, 0xbb,
    0xbf, 0x00, 0x00, 0xeb, 0xbb, 0xbb, 0xbf, 0x00, 0x00, 0xe0, 0x00, 0x00, 0x0e, 0x00, 0x00, 0xeb,
    0xbb, 0xbb, 0xbf, 0x00, 0x00, 0xe2, 0x00, 0x80, 0x0b, 0x00, 0x00, 0xcc, 0xbb, 0xfb, 0xbb, 0xa0,
    0x05, 0x70, 0x00, 0xd0, 0x00, 0x00, 0x1c, 0x10, 0x00, 0xd0, 0x00, 0x00, 0xb4, 0x7b, 0xbb, 0xfb,
    0xbb, 0x30, 0x10, 0x00, 0x00, 0xd0, 0x00, 0x00, 0x6b, 0xbb, 0xbb, 0xeb, 0xbb, 0xbb, 0x00, 0x00,
    0x02, 0x20, 0x00, 0x00, 0x00, 0x00, 0x07, 0x70, 0x00, 0x00, 0x08, 0xbb, 0xbe, 0xcb, 0xbb, 0x50,
    0x01, 0x54, 0x4e, 0x54, 0x45, 0x00, 0x01, 0x54, 0xaa, 0x44, 0x45, 0x00, 0x5b, 0xbb, 0xec, 0xbb,
    0xbb, 0xb5, 0x00, 0x2d, 0x40, 0x07, 0x70, 0x00, 0x06, 0xdd, 0xbb, 0xbb, 0xfa, 0x30, 0x9b, 0x2d,
    0x00, 0x00, 0xd4, 0xba, 0x00, 0x0e, 0xbb, 0xbb, 0xf0, 0x00, 0x00, 0x0d, 0x00, 0x00, 0xd0, 0x00,
    0x00, 0x0e, 0xbb, 0xbb, 0xf0, 0x00, 0x00, 0x00, 0x00, 0x00, 0x00, 0x00, 0x00, 0x00, 0x00, 0x0c,
    0x00, 0x00, 0x00, 0xbb, 0xb0, 0x88, 0x8e, 0x88, 0x87, 0x00, 0xe0, 0xd0, 0x22, 0x2d, 0x22, 0x21,
    0x00, 0xe0, 0xd0, 0x6b, 0xbe, 0xbb, 0xb3, 0x00, 0xe0, 0xd1, 0x22, 0x2d, 0x22, 0x23, 0x00, 0xe9,
    0xe2, 0x55, 0x55, 0x55, 0x55, 0x00, 0xe0, 0xd0, 0x0e, 0xbb, 0xbb, 0xb0, 0x00, 0xe0, 0xd0, 0x0d,
    0x22, 0x22, 0xd0, 0x00, 0xe2, 0xe0, 0x0d, 0x44, 0x44, 0xd0, 0x00, 0xe8, 0xe0, 0x0e, 0xbb, 0xbb,
    0xd0, 0x00, 0x60, 0x60, 0x0d, 0x00, 0x00, 0xd0, 0x00, 0x00, 0x00, 0x0d, 0x00, 0x11, 0xc0, 0x00,
    0x00, 0x00, 0x0c, 0x00, 0xad, 0x50, 0x00, 0x00, 0x0e, 0xbb, 0xbb, 0xbe, 0x00, 0x00, 0x00, 0x0d,
    0x66, 0x66, 0x6e, 0x00, 0x00, 0x00, 0x0e, 0xbb, 0xdb, 0xbe, 0x00, 0x00, 0x00, 0x0d, 0x00, 0xd0,
    0x0d, 0x93, 0x00, 0x00, 0x4d, 0xbb, 0xeb, 0x9a, 0xa1, 0x00, 0x16, 0x66, 0x66, 0xe6, 0xcb, 0x66,
    0x20, 0x01, 0x11, 0x14, 0xba, 0x21, 0x11, 0x00, 0x00, 0x17, 0xde, 0xcb, 0xbd, 0x30, 0x00, 0x4c,
    0xd9, 0xf5, 0x44, 0x4b, 0x40, 0x00, 0x22, 0x00, 0xf4, 0x33, 0x3a, 0x40, 0x00, 0x00, 0x01, 0xfc,
    0xbb, 0xbe, 0x40, 0x00, 0x00, 0x00, 0x00, 0x00, 0x00, 0x00, 0x00, 0x00, 0x0e, 0xcc, 0xcc, 0xce,
    0x00, 0x0e, 0x00, 0x00, 0x0e, 0x00, 0x0e, 0x00, 0x00, 0x0e, 0x00, 0x0e, 0xcc, 0xcc, 0xce, 0x00,
    0x0e, 0x00, 0x00, 0x0e, 0x00, 0x0e, 0x00, 0x00, 0x0e, 0x00, 0x0e, 0xcc, 0xcc, 0xce, 0x00, 0x1d,
    0x00, 0x00, 0x0e, 0x00, 0x7a, 0x00, 0x00, 0x0e, 0x04, 0xe2, 0x00, 0x01, 0x2e, 0x5d, 0x40, 0x00,
    0x08, 0xd7, 0x00, 0x00, 0x00, 0x00, 0x00, 0x00, 0x90, 0x09, 0x00, 0x00, 0x00, 0x00, 0xd0, 0x0d,
    0x00, 0xc9, 0x9c, 0x5b, 0xea, 0xae, 0xb3, 0xe0, 0x0d, 0x00, 0xd2, 0x2d, 0x00, 0xe0, 0x0d, 0x00,
    0xe8, 0x8e, 0x00, 0xfb, 0xbe, 0x00, 0xd0, 0x0d, 0x00, 0xe0, 0x0d, 0x00, 0xeb, 0xbf, 0x00, 0xe0,
    0x0d, 0x00, 0xd0, 0x0d, 0x00, 0xe7, 0x7e, 0x9b, 0xdb, 0xbc, 0xb5, 0xc0, 0x0d, 0x00, 0xa4, 0x57,
    0x04, 0xa0, 0x0d, 0x02, 0xd0, 0x1d, 0x39, 0x50, 0x0d, 0x1c, 0x40, 0x04, 0xac, 0x00, 0x0d, 0x36,
    0x00, 0x00, 0x92, 0x04, 0xe8, 0x00, 0x00, 0x00, 0x60, 0x00, 0x00, 0x00, 0x00, 0x00, 0x00, 0xf0,
    0x00, 0x00, 0x00, 0x00, 0x00, 0x00, 0xe0, 0x00, 0x00, 0x00, 0x05, 0xcc, 0xcc, 0xfc, 0xcc, 0xc4,
    0x00, 0x00, 0x00, 0x00, 0xe0, 0x00, 0x00, 0x00, 0x00, 0x00, 0x00, 0xe0, 0x00, 0x00, 0x00, 0x3c,
    0xcc, 0xce, 0xfc, 0xcc, 0xcc, 0x30, 0x00, 0x00, 0x1e, 0xf7, 0x00, 0x00, 0x00, 0x00, 0x00, 0xb7,
    0xec, 0x30, 0x00, 0x00, 0x00, 0x1b, 0x80, 0xe2, 0xd5, 0x00, 0x00, 0x16, 0xe7, 0x00, 0xe0, 0x1b,
    0xb5, 0x10, 0x7b, 0x30, 0x00, 0xe0, 0x00, 0x5a, 0x10, 0x00, 0x00, 0x00, 0xd0, 0x00, 0x00, 0x00,
    0x00, 0xb0, 0x06, 0x10, 0xc0, 0x31, 0x00, 0x00, 0xd0, 0x08, 0xa0, 0xd2, 0xd1, 0x00, 0x00, 0xc0,
    0x00, 0x81, 0xd8, 0x40, 0x00, 0x6b, 0xeb, 0x66, 0xae, 0xfc, 0xaa, 0x10, 0x02, 0xe0, 0x00, 0x6c,
    0xeb, 0x20, 0x00, 0x07, 0xfa, 0x07, 0xc2, 0xd2, 0xb8, 0x20, 0x0c, 0xda, 0xe8, 0x16, 0x60, 0x05,
    0x20, 0x3a, 0xc0, 0xcb, 0xbe, 0xcb, 0xbb, 0x20, 0x94, 0xc0, 0x00, 0x5a, 0x07, 0x80, 0x00, 0x60,
    0xc0, 0x00, 0xc9, 0x3d, 0x10, 0x00, 0x00, 0xc0, 0x00, 0x1a, 0xfa, 0x10, 0x00, 0x00, 0xd0, 0x14,
    0xab, 0x37, 0xd7, 0x00, 0x00, 0x50, 0x6a, 0x50, 0x00, 0x25, 0x00, 0x00, 0x00, 0x00, 0x00, 0x00,
    0x00, 0x00, 0x06, 0xcc, 0xcc, 0xcf, 0xcc, 0xcc, 0xb0, 0x00, 0x00, 0x00, 0x0e, 0x00, 0x00, 0x00,
    0x00, 0x00, 0x00, 0x0e, 0x00, 0x00, 0x00, 0x00, 0x02, 0x00, 0x0e, 0x00, 0x00, 0x00, 0x00, 0x0f,
    0x00, 0x0e, 0x00, 0x00, 0x00, 0x00, 0x0e, 0x00, 0x0f, 0xcc, 0xcc, 0x10, 0x00, 0x0e, 0x00, 0x0e,
    0x00, 0x00, 0x00, 0x00, 0x0e, 0x00, 0x0e, 0x00, 0x00, 0x00, 0x00, 0x0e, 0x00, 0x0e, 0x00, 0x00,
    0x00, 0x00, 0x0e, 0x00, 0x0e, 0x00, 0x00, 0x00, 0x0c, 0xcc, 0xcc, 0xcc, 0xcc, 0xcc, 0xc4, 0x00,
    0x00, 0x00, 0xe0, 0x00, 0x00, 0x00, 0x00, 0x0a, 0x00, 0xe0, 0x00, 0x00, 0x00, 0x00, 0x0e, 0x00,
    0xec, 0xcc, 0xa0, 0x00, 0x00, 0x0e, 0x00, 0xd0, 0x00, 0x00, 0x00, 0x00, 0x0e, 0x00, 0xd0, 0x00,
    0x00, 0x00, 0x3c, 0xbf, 0xbb, 0xfb, 0xbb, 0xbc, 0x20, 0x00, 0x02, 0x00, 0xe0, 0x00, 0x10, 0x00,
    0x00, 0x1d, 0x30, 0xe0, 0x00, 0xd4, 0x00, 0x00, 0xb8, 0x00, 0xe0, 0x09, 0xa0, 0x00, 0x2b, 0x80,
    0x00, 0xa1, 0xab, 0x10, 0x00, 0x25, 0x00, 0x01, 0x6c, 0x80, 0x00, 0x00, 0x14, 0x68, 0xbd, 0x82,
    0x00, 0x00, 0x00, 0x07, 0xb8, 0x30, 0x00, 0x00, 0x00, 0x00, 0x00, 0x00, 0x00, 0x50, 0x00, 0x00,
    0x00, 0x00, 0x00, 0x00, 0xf0, 0x00, 0x00, 0x00, 0x00, 0x00, 0x00, 0xe0, 0x00, 0x00, 0x00, 0x00,
    0x00, 0x00, 0xe1, 0x01, 0xb3, 0x00, 0x4c, 0xcc, 0xd0, 0xe6, 0x1b, 0x90, 0x00, 0x00, 0x03, 0xb0,
    0xec, 0xd8, 0x00, 0x00, 0x00, 0x07, 0x80, 0xec, 0x60, 0x00, 0x00, 0x00, 0x0d, 0x30, 0xe5, 0xa0,
    0x00, 0x00, 0x00, 0x6b, 0x00, 0xe0, 0xa7, 0x00, 0x00, 0x03, 0xe2, 0x00, 0xe0, 0x1c, 0x70, 0x00,
    0x4e, 0x50, 0x00, 0xe0, 0x01, 0xcb, 0x10, 0x64, 0x00, 0x12, 0xe0, 0x00, 0x05, 0x00, 0x00, 0x00,
    0x5e, 0x70, 0x00, 0x00, 0x00, 0x01, 0x00, 0x00, 0x00, 0x80, 0x00, 0x00, 0x0a, 0xa0, 0x00, 0x00,
    0xe0, 0x00, 0x00, 0x00, 0xa9, 0x08, 0x00, 0xe0, 0x00, 0x00, 0x31, 0x00, 0x0f, 0x00, 0xe5, 0xad,
    0x00, 0x9c, 0x10, 0x0e, 0x6a, 0xf7, 0x2e, 0x00, 0x08, 0x76, 0xbf, 0x62, 0xe0, 0x0e, 0x00, 0x00,
    0x19, 0x1e, 0x00, 0xe0, 0x0e, 0x00, 0x00, 0x74, 0x0e, 0x00, 0xe1, 0x2e, 0x00, 0x00, 0xc0, 0x0e,
    0x00, 0xe5, 0xe7, 0x00, 0x04, 0xa0, 0x0e, 0x00, 0xb0, 0x00, 0xd0, 0x0c, 0x50, 0x0e, 0x00, 0x00,
    0x03, 0xc0, 0x5f, 0x10, 0x08, 0xdc, 0xdd, 0xde, 0x70, 0x02, 0x00, 0x00, 0x00, 0x00, 0x00, 0x00,
    0x03, 0x10, 0x00, 0x00, 0xa0, 0x00, 0x00, 0x09, 0xc1, 0x37, 0x77, 0xe7, 0x77, 0x00, 0x00, 0x86,
    0x12, 0x22, 0xd2, 0x22, 0x00, 0x41, 0x00, 0x2b, 0xbb, 0xfb, 0xb3, 0x00, 0x8d, 0x20, 0x00, 0x00,
    0xd0, 0x00, 0x00, 0x05, 0x46, 0x58, 0x88, 0x88, 0x88, 0x20, 0x00, 0x37, 0x0a, 0xbb, 0xbb, 0xb0,
    0x00, 0x00, 0x92, 0x0d, 0x11, 0x11, 0xd0, 0x00, 0x00, 0xb0, 0x0d, 0x66, 0x66, 0xe0, 0x00, 0x06,
    0x80, 0x0d, 0xbb, 0xbb, 0xf0, 0x00, 0x0d, 0x30, 0x0d, 0x00, 0x00, 0xd0, 0x00, 0x5e, 0x00, 0x0e,
    0x00, 0x01, 0xd0, 0x00, 0x02, 0x00, 0x0a, 0x00, 0x0c, 0x80, 0x00, 0x00, 0x00, 0x00, 0x02, 0x01,
    0x10, 0x00, 0x02, 0x60, 0x00, 0x0d, 0x09, 0x70, 0x00, 0x00, 0xc3, 0x1b, 0xbe, 0xbd, 0xdb, 0xb3,
    0x00, 0x26, 0x00, 0x0d, 0x09, 0x70, 0x00, 0x04, 0x00, 0x00, 0x07, 0x05, 0x40, 0x00, 0x0c, 0x50,
    0x8b, 0xbd, 0xce, 0xbb, 0xb6, 0x02, 0x93, 0x00, 0x09, 0x3d, 0x00, 0x00, 0x00, 0x07, 0x0d, 0xbe,
    0xce, 0xbb, 0xd0, 0x00, 0x44, 0x0d, 0x0a, 0x3c, 0x00, 0xd0, 0x00, 0x81, 0x0d, 0x0c, 0x7e, 0x50,
    0xd0, 0x00, 0xa0, 0x0d, 0x3b, 0x8b, 0xe4, 0xd0, 0x03, 0x80, 0x0d, 0x73, 0xa2, 0x31, 0xd0, 0x09,
    0x50, 0x0d, 0x00, 0x00, 0x56, 0xc0, 0x01, 0x10, 0x0a, 0x00, 0x00, 0xbd, 0x60, 0x00, 0x00, 0x00,
    0xc0, 0x00, 0x00, 0x00, 0x00, 0x2a, 0x00, 0xf0, 0x00, 0x00, 0x00, 0x00, 0x89, 0x00, 0xe0, 0x00,
    0x00, 0x00, 0x01, 0xed, 0xcc, 0xfc, 0xcc, 0xd4, 0x00, 0x08, 0x90, 0x00, 0xe0, 0x00, 0x00, 0x00,
    0x3d, 0x10, 0x00, 0xe0, 0x00, 0x00, 0x00, 0x23, 0x00, 0x00, 0xe0, 0x00, 0x00, 0x00, 0xbc, 0xcc,
    0xcc, 0xfc, 0xcc, 0xcd, 0x40, 0x00, 0x00, 0x00, 0xe0, 0x00, 0x00, 0x00, 0x00, 0x00, 0x00, 0xe0,
    0x00, 0x00, 0x00, 0x00, 0x00, 0x00, 0xe0, 0x00, 0x00, 0x00, 0x00, 0x00, 0x00, 0xf0, 0x00, 0x00,
    0x00, 0x00, 0x00, 0x00, 0xa0, 0x00, 0x00, 0x00, 0x00, 0x00, 0x00, 0x01, 0x00, 0x00, 0x12, 0x00,
    0x20, 0x3d, 0x00, 0x00, 0x3d, 0x49, 0xb0, 0xb7, 0x00, 0x00, 0x02, 0xeb, 0x15, 0xeb, 0xbb, 0xbe,
    0x1a, 0xb7, 0x2d, 0x30, 0x00, 0x0d, 0x96, 0x1c, 0x85, 0xeb, 0xbd, 0x0d, 0x00, 0xaf, 0x10, 0xd0,
    0x0d, 0x0d, 0x07, 0xba, 0x30, 0xd0, 0x0d, 0x0d, 0x3d, 0x19, 0x40, 0xeb, 0xbd, 0x0d, 0x73, 0x0a,
    0x40, 0xc0, 0x0c, 0x0d, 0x00, 0x0d, 0x10, 0x00, 0x00, 0x0d, 0x00, 0x4c, 0x00, 0x00, 0x00, 0x1d,
    0x05, 0xd3, 0x00, 0x00, 0x02, 0xe7, 0x00, 0x00, 0x00, 0x00, 0x00, 0x00, 0x00, 0x00, 0x00, 0x05,
    0x40, 0x00, 0x00, 0x35, 0x03, 0x50, 0x07, 0x60, 0x43, 0x00, 0x2c, 0x7d, 0x4b, 0xac, 0xcb, 0xd3,
    0x00, 0x02, 0xf6, 0x00, 0x07, 0x68, 0x90, 0x00, 0x1c, 0xc6, 0x00, 0x07, 0x8d, 0x10, 0x00, 0xa6,
    0x4a, 0x4b, 0xbb, 0xfb, 0xbb, 0x40, 0x10, 0xbd, 0x00, 0x2c, 0x50, 0x00, 0x00, 0x08, 0xbd, 0x06,
    0xeb, 0xbb, 0xf0, 0x00, 0x3d, 0x1c, 0x89, 0xe0, 0x00, 0xd0, 0x00, 0x83, 0x0c, 0x00, 0xdb, 0xbb,
    0xf0, 0x00, 0x00, 0x1a, 0x00, 0xd0, 0x00, 0xd0, 0x00, 0x02, 0x93, 0x00, 0xeb, 0xbb, 0xf0, 0x00,
    0x01, 0x10, 0x00, 0x00, 0x00, 0x00, 0x00, 0x00, 0x00, 0x00, 0x10, 0x00, 0x00, 0x00, 0x35, 0x06,
    0x05, 0xb8, 0xaa, 0xd3, 0x00, 0x2b, 0xab, 0x07, 0x70, 0x00, 0x93, 0x00, 0x06, 0xe0, 0x0b, 0x7b,
    0xaa, 0xdb, 0x60, 0x4c, 0xa2, 0x4d, 0x0a, 0x40, 0x00, 0x00, 0x72, 0x86, 0xcd, 0x1f, 0xcb, 0xba,
    0x00, 0x02, 0xea, 0x8d, 0x88, 0x0e, 0x00, 0x00, 0x0a, 0x79, 0x0d, 0xa1, 0x0d, 0x00, 0x00, 0x3b,
    0x29, 0x0d, 0x8a, 0xbf, 0xcb, 0x60, 0x72, 0x39, 0x0d, 0x00, 0x7c, 0x90, 0x00, 0x00, 0x56, 0x0d,
    0x02, 0xd2, 0xc3, 0x00, 0x01, 0xb2, 0x0d, 0x5d, 0x50, 0x3d, 0x40, 0x07, 0x70, 0x0a, 0x94, 0x00,
    0x03, 0x30, 0x00, 0x00, 0x02, 0x00, 0x00, 0x00, 0x00, 0x00, 0x00, 0x09, 0xb1, 0x00, 0x00, 0x00,
    0x0b, 0xbb, 0xbb, 0xfb, 0xbb, 0xba, 0x00, 0x03, 0x00, 0x05, 0xb1, 0x00, 0x41, 0x00, 0x08, 0xc1,
    0x4c, 0x2c, 0x34, 0xd2, 0x00, 0x00, 0x69, 0xfc, 0xd8, 0x2d, 0x30, 0x00, 0x00, 0x05, 0x08, 0x95,
    0x69, 0x20, 0x00, 0x04, 0xa4, 0x7c, 0x6a, 0xd5, 0xd3, 0x00, 0x1b, 0x23, 0x96, 0x70, 0x94, 0x39,
    0x00, 0x00, 0x00, 0x00, 0xd0, 0x00, 0x00, 0x00, 0x7b, 0xbb, 0xbb, 0xeb, 0xbb, 0xbb, 0x60, 0x00,
    0x00, 0x00, 0xd0, 0x00, 0x00, 0x00, 0x00, 0x00, 0x00, 0xd0, 0x00, 0x00, 0x00, 0x00, 0x00, 0x00,
    0x90, 0x00, 0x00, 0x00, 0x0f, 0xcc, 0xcf, 0xcc, 0xcc, 0xe0, 0x0e, 0x00, 0x0e, 0x00, 0x00, 0xe0,
    0x0e, 0x00, 0x0e, 0x00, 0x00, 0xe0, 0x0f, 0xcc, 0xcf, 0xcc, 0xcc, 0xe0, 0x0e, 0x00, 0x0e, 0x00,
    0x00, 0xe0, 0x0e, 0x00, 0x0e, 0x00, 0x00, 0xe0, 0x0f, 0xcc, 0xcf, 0xcc, 0xcc, 0xe0, 0x0a, 0x00,
    0x0e, 0x00, 0x00, 0x60, 0x00, 0x00, 0x0e, 0x00, 0x00, 0x00, 0x00, 0x00, 0x0e, 0x00, 0x00, 0x00,
    0x00, 0x00, 0x0e, 0x00, 0x00, 0x00, 0x00, 0x00, 0x09, 0x00, 0x00, 0x00, 0x00, 0x00, 0xb0, 0x00,
    0x00, 0x00, 0x00, 0xe0, 0x00, 0x00, 0xcc, 0xcc, 0xfc, 0xcc, 0xc0, 0xe0, 0x00, 0xe0, 0x00, 0xe0,
    0xe0, 0x00, 0xe0, 0x00, 0xe0, 0xfc, 0xcc, 0xfc, 0xcc, 0xf0, 0xe0, 0x00, 0xe0, 0x00, 0xe0, 0xfc,
    0xcc, 0xfc, 0xcc, 0xf0, 0xc0, 0x00, 0xe0, 0x00, 0xc0, 0x00, 0x00, 0xe0, 0x00, 0x00, 0x00, 0x00,
    0xe0, 0x00, 0x00, 0x00, 0x00, 0xe0, 0x00, 0x00, 0x00, 0x00, 0x40, 0x00, 0x00, 0x00, 0x00, 0xb0,
    0x00, 0x00, 0x00, 0x00, 0x00, 0xe0, 0x00, 0x00, 0x00, 0xcc, 0xcc, 0xfc, 0xcc, 0xcb, 0x00, 0xe0,
    0x00, 0xe0, 0x00, 0x0e, 0x00, 0xe0, 0x00, 0xe0, 0x00, 0x0e, 0x00, 0xfc, 0xcc, 0xfc, 0xcc, 0xce,
    0x00, 0xe0, 0x00, 0xe0, 0x00, 0x0e, 0x00, 0xe0, 0x00, 0xe0, 0x00, 0x0e, 0x00, 0xfc, 0xcc, 0xfc,
    0xcc, 0xce, 0x00, 0xe0, 0x00, 0xe0, 0x00, 0x0e, 0x0b, 0x00, 0x00, 0xe0, 0x00, 0x00, 0x3c, 0x00,
    0x00, 0x9d, 0xdd, 0xdd, 0xe7, 0x00, 0x00, 0x00, 0x12, 0x03, 0x00, 0x00, 0x01, 0xbb, 0xb9, 0x48,
    0x5c, 0x00, 0x00, 0x00, 0x10, 0x66, 0x1d, 0xc2, 0x30, 0x00, 0x03, 0xd2, 0xc2, 0x09, 0x53, 0xd2,
    0x00, 0x00, 0x6e, 0x80, 0x01, 0xcd, 0x40, 0x00, 0x00, 0x4c, 0x10, 0x00, 0x4c, 0x20, 0x00, 0x05,
    0xd4, 0xbb, 0xeb, 0xb7, 0xd9, 0x20, 0x5b, 0x10, 0x00, 0xd0, 0x00, 0x05, 0x00, 0x00, 0xbb, 0xbb,
    0xeb, 0xbb, 0xb2, 0x00, 0x00, 0x00, 0x09, 0x61, 0x00, 0x00, 0x00, 0x00, 0x01, 0x9a, 0x0b, 0x91,
    0x00, 0x00, 0x02, 0x8d, 0x80, 0x01, 0x8e, 0x70, 0x00, 0x00, 0x61, 0x00, 0x00, 0x02, 0x91, 0x00,
    0x00, 0x00, 0x04, 0x10, 0x00, 0x00, 0x00, 0x00, 0x1e, 0x10, 0x00, 0x00, 0x00, 0x00, 0x99, 0x00,
    0x00, 0x00, 0x0b, 0xcc, 0xfc, 0xcc, 0xcc, 0xb0, 0x0e, 0x00, 0x00, 0x00, 0x00, 0xe0, 0x0e, 0x00,
    0x00, 0x00, 0x00, 0xe0, 0x0e, 0x00, 0x00, 0x00, 0x00, 0xe0, 0x0e, 0xcc, 0xcc, 0xcc, 0xcc, 0xe0,
    0x0e, 0x00, 0x00, 0x00, 0x00, 0xe0, 0x0e, 0x00, 0x00, 0x00, 0x00, 0xe0, 0x0f, 0xcc, 0xcc, 0xcc,
    0xcc, 0xe0, 0x0e, 0x00, 0x00, 0x00, 0x00, 0xe0, 0x00, 0x00, 0x00, 0x00, 0x00, 0x00, 0x00, 0x00,
    0x23, 0x00, 0x06, 0x00, 0x00, 0x04, 0x8c, 0xd6, 0x00, 0x0e, 0x00, 0x00, 0x07, 0x6d, 0x00, 0x00,
    0x0d, 0x00, 0x00, 0x00, 0x0d, 0x00, 0x04, 0x0d, 0x04, 0x30, 0x1b, 0xbf, 0xbb, 0x4c, 0x0d, 0x0b,
    0x50, 0x00, 0x4e, 0x70, 0x78, 0x1f, 0x3d, 0x00, 0x00, 0x8e, 0xd4, 0xb4, 0x3f, 0xc5, 0x00, 0x01,
    0xed, 0x3d, 0x10, 0x6e, 0x60, 0x00, 0x0a, 0x7d, 0x02, 0x00, 0xb6, 0xa0, 0x00, 0x3a, 0x0d, 0x00,
    0x03, 0xc0, 0xb3, 0x00, 0x00, 0x0d, 0x00, 0x1d, 0x40, 0x4c, 0x00, 0x00, 0x0e, 0x01, 0xc8, 0x00,
    0x09, 0xa0, 0x00, 0x0b, 0x02, 0x50, 0x00, 0x00, 0x61, 0x00, 0x00, 0x00, 0x00, 0x0b, 0x00, 0x01,
    0x24, 0x76, 0x00, 0x0e, 0x00, 0x09, 0x8e, 0x53, 0x00, 0x0d, 0x00, 0x00, 0x0e, 0x00, 0x67, 0x7e,
    0x77, 0x6b, 0xbf, 0xb9, 0xd3, 0x3e, 0x3e, 0x00, 0x4e, 0x10, 0xd0, 0x0d, 0x0d, 0x00, 0xcf, 0xb0,
    0xd0, 0x0d, 0x0d, 0x05, 0xce, 0xa4, 0xdb, 0xbf, 0xbf, 0x0d, 0x3e, 0x00, 0x60, 0x0d, 0x06, 0x78,
    0x0e, 0x00, 0x00, 0x0d, 0x00, 0x00, 0x0e, 0x00, 0x00, 0x0d, 0x00, 0x00, 0x0e, 0x00, 0x00, 0x0e,
    0x00, 0x00, 0x07, 0x00, 0x00, 0x08, 0x00, 0x00, 0x00, 0x07, 0x00, 0x00, 0x00, 0x00, 0x00, 0x00,
    0x0b, 0x80, 0x00, 0x00, 0x00, 0x00, 0x00, 0x01, 0xb1, 0x00, 0x00, 0x00, 0x2c, 0xcc, 0xcc, 0xcc,
    0xcc, 0xc8, 0x00, 0x00, 0x02, 0x00, 0x00, 0x34, 0x00, 0x00, 0x00, 0x4d, 0x00, 0x00, 0x98, 0x00,
    0x00, 0x00, 0x0b, 0x60, 0x00, 0xd3, 0x00, 0x00, 0x00, 0x04, 0xc0, 0x02, 0xd0, 0x00, 0x00, 0x00,
    0x00, 0xe1, 0x07, 0x80, 0x00, 0x00, 0x00, 0x00, 0xb4, 0x0d, 0x30, 0x00, 0x00, 0x00, 0x00, 0x00,
    0x4d, 0x00, 0x00, 0x00, 0x9c, 0xcc, 0xcc, 0xcc, 0xcc, 0xcc, 0x60, 0x00, 0x05, 0x00, 0x00, 0x14,
    0x00, 0x00, 0x00, 0x0c, 0x60, 0x00, 0xa8, 0x00, 0x00, 0x00, 0x02, 0xe3, 0x07, 0xb0, 0x00, 0x00,
    0x0a, 0xcc, 0xdc, 0xde, 0xcc, 0xc9, 0x00, 0x00, 0x00, 0x00, 0xe0, 0x00, 0x00, 0x00, 0x00, 0x00,
    0x00, 0xe0, 0x00, 0x00, 0x00, 0x02, 0xcc, 0xcc, 0xfc, 0xcc, 0xc1, 0x00, 0x00, 0x00, 0x00, 0xe0,
    0x00, 0x00, 0x00, 0x8c, 0xbb, 0xbb, 0xfb, 0xbb, 0xbc, 0x70, 0x00, 0x00, 0x00, 0xe0, 0x00, 0x00,
    0x00, 0x00, 0x00, 0x00, 0xe0, 0x00, 0x00, 0x00, 0x00, 0x00, 0x00, 0xe0, 0x00, 0x00, 0x00, 0x00,
    0x00, 0x00, 0x40, 0x00, 0x00, 0x00, 0x00, 0x00, 0x00, 0x00, 0x90, 0x90, 0x00, 0x00, 0xb9, 0x9b,
    0x00, 0xd0, 0xd0, 0x00, 0x01, 0xf0, 0x0f, 0x6b, 0xeb, 0xeb, 0x50, 0x01, 0xf0, 0x0f, 0x00, 0xd0,
    0xd0, 0x00, 0x01, 0xfb, 0xbf, 0x11, 0xd1, 0xd1, 0x10, 0x01, 0xf0, 0x0f, 0x56, 0x66, 0x66, 0x40,
    0x01, 0xf0, 0x0f, 0x0b, 0xbb, 0xba, 0x00, 0x01, 0xf7, 0x7f, 0x0c, 0x00, 0x0d, 0x00, 0x01, 0xf0,
    0x0f, 0x0e, 0xbb, 0xbe, 0x00, 0x01, 0xe0, 0x0f, 0x0c, 0x00, 0x0d, 0x00, 0x04, 0x90, 0x0f, 0x0e,
    0xbb, 0xbe, 0x00, 0x1a, 0x11, 0x1f, 0x0c, 0x00, 0x0d, 0x00, 0x00, 0x02, 0xe8, 0x01, 0x00, 0x00,
    0x00, 0x3c, 0xcc, 0xcf, 0xdc, 0xcc, 0xcc, 0x30, 0x00, 0x00, 0x6c, 0x10, 0x20, 0x00, 0x00, 0x00,
    0x04, 0xd1, 0x00, 0xd5, 0x00, 0x00, 0x00, 0x3d, 0x20, 0x00, 0x4e, 0x30, 0x00, 0x03, 0xec, 0xbb,
    0xda, 0x99, 0xd1, 0x00, 0x01, 0x21, 0x00, 0xe0, 0x00, 0x61, 0x00, 0x00, 0x00, 0x00, 0xe0, 0x00,
    0x00, 0x00, 0x03, 0xcc, 0xcc, 0xfc, 0xcc, 0xc3, 0x00, 0x00, 0x00, 0x00, 0xe0, 0x00, 0x00, 0x00,
    0x00, 0x00, 0x00, 0xe0, 0x00, 0x00, 0x00, 0x6c, 0xcc, 0xcc, 0xcc, 0xcc, 0xcc, 0x90, 0x00, 0x02,
    0x60, 0x00, 0x90, 0x00, 0x00, 0x00, 0x03, 0xa0, 0x00, 0xe0, 0x00, 0x00, 0x5d, 0xcd, 0xec, 0xcc,
    0xfc, 0xcc, 0xb0, 0x00, 0x03, 0xa2, 0x10, 0xf0, 0x00, 0x00, 0x00, 0x00, 0x18, 0x80, 0x10, 0x00,
    0x00, 0x00, 0x00, 0x01, 0xd1, 0x00, 0x00, 0x00, 0x5c, 0xce, 0xcc, 0xcc, 0xcc, 0xcc, 0xa0, 0x00,
    0x0e, 0x00, 0x00, 0x00, 0x00, 0x00, 0x00, 0x0e, 0x00, 0x00, 0x00, 0x00, 0x00, 0x00, 0x0e, 0x00,
    0x00, 0x00, 0x00, 0x00, 0x00, 0x0e, 0x00, 0x00, 0x00, 0x00, 0x00, 0x00, 0x0e, 0xcc, 0xcc, 0xcc,
    0xc9, 0x00, 0x00, 0x00, 0x10, 0x00, 0x10, 0x00, 0x00, 0x00, 0x00, 0xd0, 0x00, 0xd0, 0x00, 0x00,
    0x0a, 0xbb, 0xeb, 0xbb, 0xeb, 0xbb, 0x80, 0x00, 0x00, 0xd0, 0x00, 0xd0, 0x00, 0x00, 0x00, 0x74,
    0x30, 0x66, 0x30, 0x00, 0x00, 0x00, 0x3e, 0x30, 0xbc, 0xbb, 0xb3, 0x00, 0x01, 0x04, 0x25, 0xe7,
    0x09, 0x80, 0x00, 0x0d, 0x40, 0x3d, 0x2a, 0xb9, 0x00, 0x00, 0x02, 0xd2, 0x53, 0x2b, 0xd8, 0x10,
    0x00, 0x00, 0x06, 0x68, 0xd5, 0x06, 0xc8, 0x30, 0x00, 0x0c, 0xd8, 0xeb, 0xbb, 0xf7, 0x70, 0x00,
    0x76, 0x00, 0xd0, 0x00, 0xd0, 0x00, 0x02, 0xd0, 0x00, 0xeb, 0xbb, 0xf0, 0x00, 0x00, 0x20, 0x00,
    0x00, 0x00, 0x00, 0x00, 0x00, 0x00, 0x00, 0x90, 0x00, 0x00, 0x00, 0x00, 0x00, 0x00, 0xe8, 0x88,
    0x93, 0x00, 0x00, 0x00, 0x00, 0xd1, 0x11, 0x21, 0x00, 0x00, 0xec, 0xcd, 0xdc, 0xcc, 0xcf, 0x40,
    0x00, 0xd0, 0x05, 0x84, 0x69, 0x4a, 0x00, 0x00, 0xd6, 0xac, 0xc7, 0x52, 0x44, 0x00, 0x00, 0xd1,
    0x03, 0xc7, 0x77, 0xc4, 0x00, 0x00, 0xe0, 0x00, 0x35, 0x55, 0x50, 0x00, 0x00, 0xe0, 0x0e, 0xbb,
    0xf0, 0x00, 0x00, 0x02, 0xc0, 0x0e, 0x00, 0xd0, 0x01, 0x00, 0x0a, 0x70, 0x7c, 0x00, 0xd0, 0x09,
    0x30, 0x3a, 0x1d, 0x91, 0x00, 0x9c, 0xbe, 0x10, 0x00, 0x00, 0x00, 0x00, 0x00, 0x00, 0x00, 0x00,
    0x80, 0x00, 0x00, 0x40, 0x00, 0x00, 0x00, 0xd0, 0x00, 0x00, 0xb3, 0x00, 0x00, 0x00, 0xd0, 0x01,
    0x22, 0x69, 0x22, 0x00, 0xdb, 0xfb, 0xd7, 0xc9, 0x99, 0x9e, 0x00, 0xd0, 0xd0, 0xd6, 0x74, 0x00,
    0x0c, 0x00, 0xd0, 0xd0, 0xd0, 0x0e, 0x00, 0x41, 0x00, 0xdb, 0xfb, 0xd0, 0x0d, 0x03, 0xb1, 0x00,
    0xd0, 0xd0, 0xd0, 0x0d, 0x4c, 0x20, 0x00, 0x00, 0xd4, 0x20, 0x0e, 0x91, 0x00, 0x00, 0x02, 0xeb,
    0xb0, 0x0d, 0x00, 0x03, 0x00, 0x98, 0x40, 0x51, 0x0d, 0x00, 0x0d, 0x00, 0x00, 0x00, 0x00, 0x0a,
    0xcc, 0xcb, 0x00, 0x00, 0x06, 0x00, 0x05, 0x00, 0x00, 0x00, 0x00, 0x0e, 0x00, 0x3c, 0x33, 0x00,
    0x00, 0x8b, 0xbf, 0xb6, 0x8d, 0x8d, 0x00, 0x00, 0x00, 0x2e, 0x64, 0x9a, 0x0b, 0x00, 0x00, 0x8b,
    0x7e, 0x00, 0xbd, 0x2c, 0x00, 0x00, 0x00, 0x0e, 0x3a, 0xb3, 0x1a, 0x6a, 0x10, 0x00, 0xc8, 0x04,
    0x70, 0x01, 0xac, 0x00, 0x00, 0x56, 0x66, 0xe6, 0x65, 0x00, 0x00, 0x00, 0xc1, 0x11, 0xd1, 0x1d,
    0x00, 0x00, 0x00, 0xdb, 0xbb, 0xeb, 0xbd, 0x00, 0x00, 0x00, 0x90, 0x00, 0xc0, 0x2a, 0x00, 0x00,
    0x4b, 0xbb, 0xbb, 0xec, 0xcd, 0x50, 0x00, 0x26, 0x54, 0x32, 0x10, 0x02, 0xa1, 0x00, 0x00, 0x00,
    0x28, 0x01, 0x60, 0x00, 0x00, 0x00, 0x01, 0xc6, 0x02, 0xca, 0x10, 0x00, 0x00, 0x1c, 0x80, 0x53,
    0x08, 0xd2, 0x00, 0x02, 0xc7, 0x01, 0xea, 0x00, 0x65, 0x00, 0x03, 0x40, 0x09, 0x89, 0x70, 0x00,
    0x00, 0x00, 0x00, 0x6b, 0x00, 0xa8, 0x00, 0x00, 0x00, 0x08, 0xc1, 0x00, 0x09, 0xc4, 0x00, 0x04,
    0xcb, 0xcc, 0xcc, 0xcc, 0x5d, 0x60, 0x1c, 0x70, 0xd0, 0x00, 0x0e, 0x00, 0x00, 0x00, 0x00, 0xd0,
    0x00, 0x0e, 0x00, 0x00, 0x00, 0x00, 0xe0, 0x00, 0x0e, 0x00, 0x00, 0x00, 0x00, 0xfc, 0xcc, 0xcf,
    0x00, 0x00, 0x00, 0x00, 0x00, 0x00, 0x00, 0x00, 0x00, 0x00, 0x00, 0x00, 0x16, 0x00, 0x00, 0x00,
    0x1d, 0x88, 0xd0, 0x5a, 0x00, 0x00, 0x00, 0x1b, 0x00, 0xb0, 0xae, 0xbb, 0xd1, 0x00, 0x1b, 0x00,
    0xb1, 0xbd, 0x05, 0x90, 0x00, 0x1d, 0xcc, 0xd8, 0x4a, 0x5d, 0x10, 0x00, 0x00, 0x57, 0x07, 0x04,
    0xf7, 0x00, 0x00, 0x07, 0x57, 0x00, 0x2c, 0x8d, 0x50, 0x00, 0x0d, 0x5b, 0x96, 0xb2, 0x03, 0xbe,
    0x30, 0x0c, 0x57, 0x1a, 0xdb, 0xbb, 0xd1, 0x00, 0x0c, 0x57, 0x00, 0xd0, 0x00, 0xd0, 0x00, 0x0c,
    0x59, 0x61, 0xd0, 0x00, 0xd0, 0x00, 0x4a, 0x63, 0x00, 0xdb, 0xbb, 0xd0, 0x00, 0x00, 0x00, 0x00,
    0x00, 0x00, 0x00, 0x00, 0x00, 0x00, 0x0a, 0x30, 0x00, 0x00, 0x00, 0x00, 0x00, 0x05, 0xd1, 0x00,
    0x00, 0x00, 0x06, 0xcc, 0xbb, 0xdc, 0xbb, 0xc5, 0x00, 0x00, 0x0c, 0x20, 0x00, 0x4b, 0x00, 0x00,
    0x00, 0x07, 0xb0, 0x00, 0xc5, 0x00, 0x00, 0x00, 0x00, 0xc4, 0x08, 0xa0, 0x00, 0x00, 0x6c, 0xbb,
    0xbb, 0xec, 0xbb, 0xbb, 0x90, 0x00, 0x00, 0x00, 0xd0, 0x00, 0x00, 0x00, 0x00, 0x00, 0x00, 0xd0,
    0x00, 0x00, 0x00, 0x05, 0xcc, 0xcc, 0xfc, 0xcc, 0xc8, 0x00, 0x00, 0x00, 0x00, 0xd0, 0x00, 0x00,
    0x00, 0x00, 0x00, 0x00, 0xe0, 0x00, 0x00, 0x00, 0x00, 0x00, 0x00, 0xd0, 0x00, 0x00, 0x00, 0x00,
    0x00, 0x00, 0x00, 0x00, 0x00, 0x00, 0x00, 0xdb, 0xbb, 0xbb, 0xbb, 0xc2, 0x00, 0x00, 0xe0, 0x00,
    0x00, 0x00, 0x00, 0x00, 0x00, 0xe2, 0xcb, 0xbb, 0xbc, 0x30, 0x00, 0x00, 0xe0, 0x00, 0x00, 0x00,
    0x00, 0x00, 0x00, 0xec, 0xcc, 0xcc, 0xcc, 0xc4, 0x00, 0x00, 0xe0, 0xe0, 0x94, 0x01, 0x70, 0x00,
    0x00, 0xd0, 0xe0, 0x2b, 0x2c, 0x80, 0x00, 0x03, 0xb0, 0xe0, 0x09, 0xe6, 0x00, 0x00, 0x07, 0x70,
    0xe0, 0x01, 0xc4, 0x00, 0x00, 0x1d, 0x20, 0xe5, 0xb1, 0x2d, 0x60, 0x00, 0x98, 0x00, 0xf9, 0x10,
    0x02, 0xab, 0x00, 0x10, 0x00, 0x40, 0x00, 0x00, 0x01, 0x00, 0x00, 0x00, 0x00, 0x00, 0x00, 0x00,
    0x00, 0xbb, 0xbb, 0xeb, 0xbf, 0xbb, 0xbc, 0x10, 0x00, 0x00, 0xe0, 0x0e, 0x00, 0x00, 0x00, 0x0b,
    0xcc, 0xfc, 0xcf, 0xcc, 0xc0, 0x00, 0x0e, 0x00, 0xe0, 0x0d, 0x00, 0xe0, 0x00, 0x0e, 0x02, 0xd0,
    0x0d, 0x00, 0xe0, 0x00, 0x0e, 0x7d, 0x40, 0x08, 0xba, 0xf0, 0x00, 0x0e, 0x72, 0x00, 0x00, 0x00,
    0xe0, 0x00, 0x0e, 0xcc, 0xcc, 0xcc, 0xcc, 0xf0, 0x00, 0x0e, 0x00, 0x00, 0x00, 0x00, 0xe0, 0x00,
    0x0e, 0x00, 0x00, 0x00, 0x00, 0xe0, 0x00, 0x0e, 0xcc, 0xcc, 0xcc, 0xcc, 0xf0, 0x00, 0x00, 0x00,
    0x00, 0x00, 0x00, 0x00, 0x00, 0x01, 0xeb, 0xbb, 0xfb, 0xbb, 0xd0, 0x00, 0x01, 0xc0, 0x00, 0xd0,
    0x00, 0xd0, 0x00, 0x00, 0xeb, 0xbb, 0xfb, 0xbb, 0xc0, 0x00, 0x00, 0xc0, 0x00, 0xd0, 0x00, 0xd0,
    0x00, 0x01, 0xc0, 0x00, 0xd0, 0x00, 0xd0, 0x00, 0x01, 0xcb, 0xbb, 0xfb, 0xbb, 0xb0, 0x00, 0x00,
    0x00, 0x00, 0xd0, 0x00, 0x00, 0x00, 0x06, 0xbb, 0xbb, 0xfb, 0xbb, 0xb5, 0x00, 0x00, 0x00, 0x00,
    0xd0, 0x00, 0x00, 0x00, 0x00, 0x00, 0x00, 0xd0, 0x00, 0x00, 0x00, 0x8b, 0xbb, 0xbb, 0xcb, 0xbb,
    0xbb, 0x70, 0x00, 0x81, 0x00, 0x00, 0x00, 0x00, 0x00, 0x9b, 0x1b, 0xbb, 0xbb, 0xba, 0x0b, 0x0b,
    0x40, 0x00, 0x00, 0x0d, 0x0e, 0x00, 0x00, 0x00, 0x00, 0x0d, 0x0e, 0x0b, 0xbb, 0xeb, 0xbc, 0x3d,
    0x0e, 0x00, 0x00, 0xe0, 0x00, 0x0d, 0x0e, 0x03, 0xcb, 0xfb, 0xb8, 0x0d, 0x0e, 0x00, 0x00, 0xe0,
    0x00, 0x0d, 0x0e, 0x00, 0x00, 0xe0, 0x00, 0x0d, 0x0e, 0x6c, 0xbb, 0xeb, 0xbc, 0x2d, 0x0e, 0x00,
    0x00, 0x00, 0x00, 0x0d, 0x0e, 0x00, 0x00, 0x00, 0x01, 0x2d, 0x0e, 0x00, 0x00, 0x00, 0x06, 0xe6,
    0x01, 0x00, 0x00, 0x00, 0x00, 0x00, 0x1d, 0xaa, 0xb9, 0x0e, 0xcc, 0xce, 0x1f, 0x00, 0xb3, 0x0e,
    0x00, 0x0e, 0x1f, 0x08, 0xa0, 0x0e, 0x00, 0x0e, 0x1f, 0x1e, 0x40, 0x0e, 0xcc, 0xce, 0x1f, 0x04,
    0xc0, 0x0e, 0x00, 0x0e, 0x1f, 0x00, 0x96, 0x0e, 0x00, 0x0e, 0x1f, 0x00, 0x3c, 0x0e, 0xcc, 0xce,
    0x1f, 0x00, 0x1e, 0x0d, 0x00, 0x0e, 0x1f, 0x00, 0x6c, 0x3b, 0x00, 0x0e, 0x1f, 0x09, 0xc3, 0xa5,
    0x00, 0x0e, 0x1f, 0x00, 0x07, 0xc0, 0x01, 0x2d, 0x2f, 0x10, 0x2a, 0x10, 0x09, 0xd6, 0x00, 0x00,
    0x00, 0x00, 0x00, 0x00, 0x00, 0x00, 0x00, 0x04, 0x00, 0x00, 0x00, 0x0e, 0xbc, 0xb0, 0x5c, 0x00,
    0x00, 0x00, 0x0c, 0x08, 0x50, 0xcd, 0xbc, 0xf3, 0x00, 0x0c, 0x2c, 0x08, 0xac, 0x4c, 0x70, 0x00,
    0x0c, 0x77, 0x27, 0x04, 0xfb, 0x00, 0x00, 0x0d, 0x0b, 0x14, 0x9c, 0x37, 0xc8, 0x30, 0x0d, 0x06,
    0x79, 0x40, 0xe0, 0x15, 0x30, 0x0d, 0x01, 0xb4, 0xbb, 0xfb, 0xb8, 0x00, 0x0d, 0x00, 0xc4, 0x60,
    0xd0, 0x00, 0x00, 0x0d, 0x18, 0x9b, 0xcb, 0xfb, 0xbb, 0x30, 0x0d, 0x18, 0x10, 0x00, 0xd0, 0x00,
    0x00, 0x0d, 0x00, 0x00, 0x00, 0xe0, 0x00, 0x00, 0x08, 0x00, 0x00, 0x00, 0x60, 0x00, 0x00, 0x00,
    0x00, 0x00, 0x00, 0x00, 0x00, 0x00, 0xab, 0xbb, 0xbb, 0xeb, 0xbb, 0xbb, 0xa0, 0x00, 0x00, 0x00,
    0xd0, 0x00, 0x00, 0x00, 0x0b, 0xbb, 0xbb, 0xfb, 0xbb, 0xba, 0x00, 0x0d, 0x01, 0x00, 0xd0, 0x10,
    0x1c, 0x00, 0x0d, 0x1e, 0x30, 0xd2, 0xd2, 0x1c, 0x00, 0x0d, 0x05, 0xd1, 0xd0, 0x7c, 0x1c, 0x00,
    0x0d, 0x01, 0x30, 0xd0, 0x13, 0x1c, 0x00, 0x0d, 0x1d, 0x20, 0xd2, 0xd1, 0x1c, 0x00, 0x0d, 0x06,
    0xd1, 0xd0, 0x8c, 0x1c, 0x00, 0x0d, 0x00, 0x30, 0xd0, 0x03, 0x1c, 0x00, 0x0e, 0x00, 0x00, 0xe0,
    0x01, 0x2c, 0x00, 0x0d, 0x00, 0x00, 0xd0, 0x09, 0xd6, 0x00, 0x00, 0x00, 0x00, 0x00, 0x00, 0x00,
    0x06, 0xcc, 0xce, 0xcc, 0xcc, 0x10, 0x56, 0x66, 0x6d, 0x66, 0x66, 0x61, 0xc3, 0x33, 0x3d, 0x33,
    0x33, 0xb2, 0xc4, 0xcc, 0x6c, 0x7b, 0xc3, 0xa2, 0x80, 0x00, 0x0c, 0x00, 0x00, 0x61, 0x05, 0xbb,
    0x5d, 0x8b, 0xb3, 0x00, 0x00, 0x00, 0x01, 0x00, 0x00, 0x00, 0x09, 0xaa, 0xaa, 0xaa, 0xad, 0x00,
    0x00, 0x00, 0x00, 0x00, 0x0d, 0x00, 0x05, 0xbb, 0xbb, 0xbb, 0xbd, 0x00, 0x09, 0xbb, 0xbb, 0xbb,
    0xbd, 0x00, 0x00, 0x00, 0x00, 0x00, 0x00, 0x00, 0x00, 0x00, 0x6b, 0xbb, 0xeb, 0xbb, 0xb4, 0x00,
    0x0c, 0xbb, 0xbb, 0xeb, 0xbb, 0xbc, 0x70, 0x0c, 0x38, 0x84, 0xc5, 0x88, 0x55, 0x70, 0x08, 0x4a,
    0xa5, 0xd7, 0xbb, 0xa3, 0x40, 0x00, 0x06, 0x10, 0x40, 0x00, 0x00, 0x00, 0x00, 0x0d, 0x00, 0x69,
    0x88, 0x88, 0x00, 0x3b, 0xbf, 0xbb, 0xa4, 0x00, 0x0c, 0x00, 0x00, 0x8e, 0x71, 0x87, 0x44, 0x4c,
    0x00, 0x07, 0x7c, 0x69, 0x8c, 0xbb, 0xbc, 0x00, 0x88, 0x0c, 0x00, 0x84, 0x00, 0x0c, 0x00, 0x10,
    0x0c, 0x00, 0x9c, 0xbb, 0xbc, 0x00, 0x00, 0x0d, 0x00, 0x94, 0x00, 0x0c, 0x00, 0x00, 0x00, 0x00,
    0x00, 0x00, 0x00, 0x00, 0x00, 0x3b, 0xbb, 0xeb, 0xbb, 0xb1, 0x00, 0x08, 0x65, 0x55, 0xd5, 0x55,
    0x59, 0x30, 0x0a, 0x4b, 0xb7, 0xc7, 0xbb, 0x69, 0x30, 0x00, 0x16, 0x64, 0xb6, 0x66, 0x40, 0x00,
    0x09, 0x99, 0xb1, 0x8d, 0xaa, 0x80, 0x00, 0x0b, 0x00, 0xa3, 0xcb, 0x3c, 0x40, 0x00, 0x0c, 0xbb,
    0xec, 0x34, 0xfb, 0x10, 0x00, 0x02, 0x39, 0x13, 0x5b, 0x67, 0xba, 0x20, 0x0d, 0x3c, 0x7d, 0xec,
    0xbb, 0xa0, 0x00, 0x0c, 0x39, 0x33, 0x93, 0x00, 0xc0, 0x00, 0x4e, 0xcb, 0x51, 0x9c, 0xbb, 0xd0,
    0x00, 0x78, 0x20, 0x00, 0xa3, 0x00, 0xc0, 0x00, 0x00, 0x00, 0x00, 0x00, 0x00, 0x00, 0x00, 0x0b,
    0xdd, 0xdd, 0xdd, 0xd4, 0x00, 0x00, 0x1b, 0x00, 0x00, 0xd2, 0x00, 0x00, 0x3d, 0x00, 0x00, 0xe0,
    0x00, 0x00, 0x5a, 0x00, 0x03, 0xc0, 0x00, 0x00, 0x78, 0x00, 0x05, 0x90, 0x00, 0x00, 0x9e, 0xdd,
    0xde, 0xed, 0xd0, 0x00, 0x00, 0x00, 0x00, 0x00, 0xf0, 0x00, 0x00, 0x00, 0x00, 0x00, 0xf0, 0xad,
    0xdd, 0xdd, 0xdd, 0xb0, 0xf0, 0x00, 0x00, 0x00, 0x00, 0x22, 0xf0, 0x00, 0x00, 0x00, 0x00, 0x8d,
    0x70, 0x00, 0x00, 0x00, 0x00, 0x01, 0x00, 0x00, 0x03, 0x44, 0x42, 0x00, 0x4c, 0x00, 0x00, 0x05,
    0x88, 0xb5, 0x0d, 0xcc, 0xbd, 0x00, 0x00, 0x00, 0xa3, 0x0e, 0x57, 0x0e, 0x00, 0x03, 0xb0, 0xd1,
    0x0e, 0x1b, 0x1e, 0x00, 0x00, 0xd6, 0xb0, 0x0e, 0x01, 0x5e, 0x00, 0x00, 0x5f, 0x70, 0x0e, 0x01,
    0x93, 0x00, 0x00, 0x0e, 0x50, 0x0c, 0xbb, 0xbb, 0xb0, 0x00, 0x5d, 0xb0, 0x00, 0x00, 0x01, 0xd0,
    0x00, 0xd3, 0xd3, 0x8b, 0xbb, 0xb2, 0xd0, 0x08, 0x90, 0x7a, 0x00, 0x00, 0x01, 0xd0, 0x3d, 0x10,
    0x14, 0x00, 0x00, 0x12, 0xd0, 0x00, 0x00, 0x00, 0x00, 0x00, 0x9d, 0x60, 0x01, 0x68, 0x00, 0x00,
    0x00, 0x00, 0xde, 0xa4, 0x09, 0xbb, 0xc4, 0x00, 0xd3, 0x32, 0x02, 0x44, 0xa4, 0x00, 0xd5, 0x55,
    0x02, 0x44, 0xa4, 0x00, 0xeb, 0xbb, 0xbb, 0xbb, 0xd4, 0x00, 0x30, 0x10, 0x60, 0x10, 0x70, 0x00,
    0xd2, 0xd2, 0xd4, 0xd3, 0xd0, 0x00, 0xd1, 0x55, 0xc2, 0x42, 0xc0, 0x00, 0xd5, 0xb1, 0xc8, 0xb1,
    0xc0, 0x00, 0xd0, 0x73, 0xc0, 0x61, 0xa3, 0x51, 0xd4, 0xa1, 0xc3, 0x94, 0x4b, 0xc2, 0xe9, 0x00,
    0xea, 0x10, 0x08, 0xf1, 0x30, 0x00, 0x40, 0x00, 0x00, 0x50, 0x00, 0x00, 0xd0, 0x03, 0x20, 0x00,
    0x00, 0x00, 0x00, 0xe0, 0x06, 0xc0, 0x00, 0x00, 0x00, 0x00, 0xe0, 0x00, 0xa5, 0x00, 0x00, 0xac,
    0xcc, 0xfc, 0xcc, 0xcc, 0xcc, 0x10, 0x00, 0x00, 0xe0, 0x0e, 0x00, 0x20, 0x00, 0x00, 0x00, 0xe0,
    0x0e, 0x09, 0xb0, 0x00, 0x00, 0x02, 0xc0, 0x0e, 0x8c, 0x10, 0x00, 0x00, 0x06, 0x90, 0x0f, 0xc1,
    0x00, 0x00, 0x00, 0x0c, 0x33, 0xce, 0x10, 0x00, 0x00, 0x00, 0x9b, 0x9e, 0x6e, 0x00, 0x00, 0x00,
    0x19, 0xb6, 0x81, 0x0e, 0x00, 0x05, 0x90, 0x88, 0x00, 0x00, 0x09, 0xdd, 0xde, 0x40,
};

static const lv_font_fmt_txt_glyph_dsc_t lv_font_cjk_glyph_dsc[] = {
    {.bitmap_index = 0, .adv_w = 0, .box_w = 0, .box_h = 0, .ofs_x = 0, .ofs_y = 0},
    {.bitmap_index = 0, .adv_w = 62, .box_w = 0, .box_h = 0, .ofs_x = 0, .ofs_y = 0},
    {.bitmap_index = 0, .adv_w = 62, .box_w = 3, .box_h = 9, .ofs_x = 1, .ofs_y = 0},
    {.bitmap_index = 18, .adv_w = 96, .box_w = 4, .box_h = 3, .ofs_x = 0, .ofs_y = 6},
    {.bitmap_index = 24, .adv_w = 125, .box_w = 8, .box_h = 9, .ofs_x = 0, .ofs_y = 0},
    {.bitmap_index = 60, .adv_w = 125, .box_w = 6, .box_h = 11, .ofs_x = 0, .ofs_y = -1},
    {.bitmap_index = 93, .adv_w = 146, .box_w = 9, .box_h = 9, .ofs_x = 0, .ofs_y = 0},
    {.bitmap_index = 138, .adv_w = 142, .box_w = 9, .box_h = 9, .ofs_x = 0, .ofs_y = 0},
    {.bitmap_index = 183, .adv_w = 62, .box_w = 2, .box_h = 3, .ofs_x = 0, .ofs_y = 6},
    {.bitmap_index = 186, .adv_w = 62, .box_w = 4, .box_h = 11, .ofs_x = 0, .ofs_y = -2},
    {.bitmap_index = 208, .adv_w = 62, .box_w = 3, .box_h = 12, .ofs_x = 0, .ofs_y = -2},
    {.bitmap_index = 232, .adv_w = 125, .box_w = 7, .box_h = 5, .ofs_x = 1, .ofs_y = 4},
    {.bitmap_index = 252, .adv_w = 125, .box_w = 8, .box_h = 7, .ofs_x = 0, .ofs_y = 0},
    {.bitmap_index = 280, .adv_w = 62, .box_w = 2, .box_h = 4, .ofs_x = 0, .ofs_y = -2},
    {.bitmap_index = 284, .adv_w = 62, .box_w = 3, .box_h = 1, .ofs_x = 0, .ofs_y = 3},
    {.bitmap_index = 286, .adv_w = 62, .box_w = 2, .box_h = 2, .ofs_x = 0, .ofs_y = 0},
    {.bitmap_index = 288, .adv_w = 108, .box_w = 7, .box_h = 11, .ofs_x = 0, .ofs_y = -2},
    {.bitmap_index = 332, .adv_w = 125, .box_w = 8, .box_h = 9, .ofs_x = 0, .ofs_y = 0},
    {.bitmap_index = 368, .adv_w = 125, .box_w = 7, .box_h = 9, .ofs_x = 1, .ofs_y = 0},
    {.bitmap_index = 404, .adv_w = 125, .box_w = 7, .box_h = 9, .ofs_x = 0, .ofs_y = 0},
    {.bitmap_index = 440, .adv_w = 125, .box_w = 7, .box_h = 9, .ofs_x = 0, .ofs_y = 0},
    {.bitmap_index = 476, .adv_w = 125, .box_w = 8, .box_h = 9, .ofs_x = 0, .ofs_y = 0},
    {.bitmap_index = 512, .adv_w = 125, .box_w = 7, .box_h = 9, .ofs_x = 0, .ofs_y = 0},
    {.bitmap_index = 548, .adv_w = 125, .box_w = 8, .box_h = 9, .ofs_x = 0, .ofs_y = 0},
    {.bitmap_index = 584, .adv_w = 125, .box_w = 7, .box_h = 9, .ofs_x = 1, .ofs_y = 0},
    {.bitmap_index = 620, .adv_w = 125, .box_w = 8, .box_h = 9, .ofs_x = 0, .ofs_y = 0},
    {.bitmap_index = 656, .adv_w = 125, .box_w = 8, .box_h = 9, .ofs_x = 0, .ofs_y = 0},
    {.bitmap_index = 692, .adv_w = 62, .box_w = 2, .box_h = 7, .ofs_x = 0, .ofs_y = 0},
    {.bitmap_index = 699, .adv_w = 62, .box_w = 2, .box_h = 9, .ofs_x = 0, .ofs_y = -2},
    {.bitmap_index = 708, .adv_w = 125, .box_w = 7, .box_h = 7, .ofs_x = 1, .ofs_y = 0},
    {.bitmap_index = 736, .adv_w = 125, .box_w = 8, .box_h = 4, .ofs_x = 0, .ofs_y = 2},
    {.bitmap_index = 752, .adv_w = 125, .box_w = 7, .box_h = 7, .ofs_x = 1, .ofs_y = 0},
    {.bitmap_index = 780, .adv_w = 112, .box_w = 7, .box_h = 9, .ofs_x = 0, .ofs_y = 0},
    {.bitmap_index = 816, .adv_w = 166, .box_w = 11, .box_h = 9, .ofs_x = 0, .ofs_y = 0},
    {.bitmap_index = 870, .adv_w = 116, .box_w = 8, .box_h = 9, .ofs_x = 0, .ofs_y = 0},
    {.bitmap_index = 906, .adv_w = 129, .box_w = 7, .box_h = 9, .ofs_x = 0, .ofs_y = 0},
    {.bitmap_index = 942, .adv_w = 129, .box_w = 8, .box_h = 9, .ofs_x = 0, .ofs_y = 0},
    {.bitmap_index = 978, .adv_w = 137, .box_w = 8, .box_h = 9, .ofs_x = 0, .ofs_y = 0},
    {.bitmap_index = 1014, .adv_w = 116, .box_w = 7, .box_h = 9, .ofs_x = 0, .ofs_y = 0},
    {.bitmap_index = 1050, .adv_w = 100, .box_w = 7, .box_h = 9, .ofs_x = 0, .ofs_y = 0},
    {.bitmap_index = 1086, .adv_w = 137, .box_w = 8, .box_h = 9, .ofs_x = 0, .ofs_y = 0},
    {.bitmap_index = 1122, .adv_w = 137, .box_w = 7, .box_h = 9, .ofs_x = 0, .ofs_y = 0},
    {.bitmap_index = 1158, .adv_w = 54, .box_w = 2, .box_h = 9, .ofs_x = 0, .ofs_y = 0},
    {.bitmap_index = 1167, .adv_w = 83, .box_w = 5, .box_h = 9, .ofs_x = -1, .ofs_y = 0},
    {.bitmap_index = 1194, .adv_w = 129, .box_w = 8, .box_h = 9, .ofs_x = 0, .ofs_y = 0},
    {.bitmap_index = 1230, .adv_w = 104, .box_w = 7, .box_h = 9, .ofs_x = 0, .ofs_y = 0},
    {.bitmap_index = 1266, .adv_w = 170, .box_w = 9, .box_h = 9, .ofs_x = 0, .ofs_y = 0},
    {.bitmap_index = 1311, .adv_w = 137, .box_w = 8, .box_h = 9, .ofs_x = 0, .ofs_y = 0},
    {.bitmap_index = 1347, .adv_w = 137, .box_w = 8, .box_h = 9, .ofs_x = 0, .ofs_y = 0},
    {.bitmap_index = 1383, .adv_w = 116, .box_w = 7, .box_h = 9, .ofs_x = 0, .ofs_y = 0},
    {.bitmap_index = 1419, .adv_w = 137, .box_w = 8, .box_h = 11, .ofs_x = 0, .ofs_y = -2},
    {.bitmap_index = 1463, .adv_w = 129, .box_w = 8, .box_h = 9, .ofs_x = 0, .ofs_y = 0},
    {.bitmap_index = 1499, .adv_w = 129, .box_w = 7, .box_h = 9, .ofs_x = 0, .ofs_y = 0},
    {.bitmap_index = 1535, .adv_w = 104, .box_w = 6, .box_h = 9, .ofs_x = 1, .ofs_y = 0},
    {.bitmap_index = 1562, .adv_w = 133, .box_w = 7, .box_h = 9, .ofs_x = 0, .ofs_y = 0},
    {.bitmap_index = 1598, .adv_w = 116, .box_w = 8, .box_h = 9, .ofs_x = 0, .ofs_y = 0},
    {.bitmap_index = 1634, .adv_w = 170, .box_w = 11, .box_h = 9, .ofs_x = 0, .ofs_y = 0},
    {.bitmap_index = 1688, .adv_w = 112, .box_w = 7, .box_h = 9, .ofs_x = 0, .ofs_y = 0},
    {.bitmap_index = 1724, .adv_w = 116, .box_w = 8, .box_h = 9, .ofs_x = -1, .ofs_y = 0},
    {.bitmap_index = 1760, .adv_w = 112, .box_w = 6, .box_h = 9, .ofs_x = 1, .ofs_y = 0},
    {.bitmap_index = 1787, .adv_w = 62, .box_w = 4, .box_h = 11, .ofs_x = 0, .ofs_y = -2},
    {.bitmap_index = 1809, .adv_w = 108, .box_w = 7, .box_h = 11, .ofs_x = 1, .ofs_y = -2},
    {.bitmap_index = 1853, .adv_w = 62, .box_w = 3, .box_h = 11, .ofs_x = 0, .ofs_y = -2},
    {.bitmap_index = 1875, .adv_w = 125, .box_w = 6, .box_h = 6, .ofs_x = 1, .ofs_y = 3},
    {.bitmap_index = 1893, .adv_w = 104, .box_w = 7, .box_h = 1, .ofs_x = 0, .ofs_y = -2},
    {.bitmap_index = 1897, .adv_w = 79, .box_w = 4, .box_h = 3, .ofs_x = 0, .ofs_y = 7},
    {.bitmap_index = 1903, .adv_w = 112, .box_w = 8, .box_h = 7, .ofs_x = 0, .ofs_y = 0},
    {.bitmap_index = 1931, .adv_w = 112, .box_w = 7, .box_h = 9, .ofs_x = 0, .ofs_y = 0},
    {.bitmap_index = 1967, .adv_w = 100, .box_w = 7, .box_h = 7, .ofs_x = 0, .ofs_y = 0},
    {.bitmap_index = 1995, .adv_w = 112, .box_w = 7, .box_h = 9, .ofs_x = 0, .ofs_y = 0},
    {.bitmap_index = 2031, .adv_w = 112, .box_w = 7, .box_h = 7, .ofs_x = 0, .ofs_y = 0},
    {.bitmap_index = 2059, .adv_w = 62, .box_w = 5, .box_h = 9, .ofs_x = -1, .ofs_y = 0},
    {.bitmap_index = 2086, .adv_w = 104, .box_w = 7, .box_h = 11, .ofs_x = 0, .ofs_y = -2},
    {.bitmap_index = 2130, .adv_w = 112, .box_w = 6, .box_h = 9, .ofs_x = 0, .ofs_y = 0},
    {.bitmap_index = 2157, .adv_w = 50, .box_w = 2, .box_h = 9, .ofs_x = 0, .ofs_y = 0},
    {.bitmap_index = 2166, .adv_w = 46, .box_w = 3, .box_h = 11, .ofs_x = -1, .ofs_y = -2},
    {.bitmap_index = 2188, .adv_w = 104, .box_w = 7, .box_h = 9, .ofs_x = 0, .ofs_y = 0},
    {.bitmap_index = 2224, .adv_w = 50, .box_w = 2, .box_h = 9, .ofs_x = 0, .ofs_y = 0},
    {.bitmap_index = 2233, .adv_w = 170, .box_w = 10, .box_h = 7, .ofs_x = 0, .ofs_y = 0},
    {.bitmap_index = 2268, .adv_w = 112, .box_w = 6, .box_h = 7, .ofs_x = 0, .ofs_y = 0},
    {.bitmap_index = 2289, .adv_w = 112, .box_w = 7, .box_h = 7, .ofs_x = 0, .ofs_y = 0},
    {.bitmap_index = 2317, .adv_w = 112, .box_w = 6, .box_h = 9, .ofs_x = 0, .ofs_y = -2},
    {.bitmap_index = 2344, .adv_w = 112, .box_w = 7, .box_h = 9, .ofs_x = 0, .ofs_y = -2},
    {.bitmap_index = 2380, .adv_w = 66, .box_w = 5, .box_h = 7, .ofs_x = 0, .ofs_y = 0},
    {.bitmap_index = 2401, .adv_w = 108, .box_w = 6, .box_h = 7, .ofs_x = 0, .ofs_y = 0},
    {.bitmap_index = 2422, .adv_w = 66, .box_w = 5, .box_h = 9, .ofs_x = -1, .ofs_y = 0},
    {.bitmap_index = 2449, .adv_w = 112, .box_w = 6, .box_h = 7, .ofs_x = 0, .ofs_y = 0},
    {.bitmap_index = 2470, .adv_w = 92, .box_w = 6, .box_h = 7, .ofs_x = 0, .ofs_y = 0},
    {.bitmap_index = 2491, .adv_w = 137, .box_w = 9, .box_h = 7, .ofs_x = 0, .ofs_y = 0},
    {.bitmap_index = 2526, .adv_w = 92, .box_w = 6, .box_h = 7, .ofs_x = 0, .ofs_y = 0},
    {.bitmap_index = 2547, .adv_w = 87, .box_w = 6, .box_h = 9, .ofs_x = 0, .ofs_y = -2},
    {.bitmap_index = 2574, .adv_w = 87, .box_w = 5, .box_h = 7, .ofs_x = 1, .ofs_y = 0},
    {.bitmap_index = 2595, .adv_w = 62, .box_w = 5, .box_h = 11, .ofs_x = 0, .ofs_y = -2},
    {.bitmap_index = 2628, .adv_w = 54, .box_w = 2, .box_h = 14, .ofs_x = 0, .ofs_y = -3},
    {.bitmap_index = 2642, .adv_w = 62, .box_w = 4, .box_h = 11, .ofs_x = 0, .ofs_y = -2},
    {.bitmap_index = 2664, .adv_w = 125, .box_w = 7, .box_h = 2, .ofs_x = 0, .ofs_y = 3},
    {.bitmap_index = 2672, .adv_w = 192, .box_w = 11, .box_h = 10, .ofs_x = 0, .ofs_y = 0},
    {.bitmap_index = 2732, .adv_w = 208, .box_w = 13, .box_h = 3, .ofs_x = 0, .ofs_y = 4},
    {.bitmap_index = 2753, .adv_w = 208, .box_w = 13, .box_h = 12, .ofs_x = 0, .ofs_y = -2},
    {.bitmap_index = 2837, .adv_w = 208, .box_w = 14, .box_h = 13, .ofs_x = -1, .ofs_y = -1},
    {.bitmap_index = 2928, .adv_w = 208, .box_w = 13, .box_h = 11, .ofs_x = 0, .ofs_y = -1},
    {.bitmap_index = 3005, .adv_w = 208, .box_w = 13, .box_h = 12, .ofs_x = 0, .ofs_y = -1},
    {.bitmap_index = 3089, .adv_w = 208, .box_w = 13, .box_h = 12, .ofs_x = 0, .ofs_y = -2},
    {.bitmap_index = 3173, .adv_w = 208, .box_w = 13, .box_h = 12, .ofs_x = 0, .ofs_y = -1},
    {.bitmap_index = 3257, .adv_w = 208, .box_w = 13, .box_h = 12, .ofs_x = 0, .ofs_y = -2},
    {.bitmap_index = 3341, .adv_w = 208, .box_w = 11, .box_h = 13, .ofs_x = 1, .ofs_y = -2},
    {.bitmap_index = 3419, .adv_w = 208, .box_w = 12, .box_h = 11, .ofs_x = 0, .ofs_y = -1},
    {.bitmap_index = 3485, .adv_w = 208, .box_w = 13, .box_h = 12, .ofs_x = 0, .ofs_y = -1},
    {.bitmap_index = 3569, .adv_w = 208, .box_w = 13, .box_h = 10, .ofs_x = 0, .ofs_y = -1},
    {.bitmap_index = 3639, .adv_w = 208, .box_w = 13, .box_h = 12, .ofs_x = 0, .ofs_y = -2},
    {.bitmap_index = 3723, .adv_w = 208, .box_w = 14, .box_h = 12, .ofs_x = -1, .ofs_y = -1},
    {.bitmap_index = 3807, .adv_w = 208, .box_w = 13, .box_h = 14, .ofs_x = 0, .ofs_y = -2},
    {.bitmap_index = 3905, .adv_w = 208, .box_w = 13, .box_h = 13, .ofs_x = -1, .ofs_y = -2},
    {.bitmap_index = 3996, .adv_w = 208, .box_w = 13, .box_h = 13, .ofs_x = 0, .ofs_y = -3},
    {.bitmap_index = 4087, .adv_w = 208, .box_w = 13, .box_h = 14, .ofs_x = 0, .ofs_y = -2},
    {.bitmap_index = 4185, .adv_w = 208, .box_w = 13, .box_h = 13, .ofs_x = 0, .ofs_y = -2},
    {.bitmap_index = 4276, .adv_w = 208, .box_w = 12, .box_h = 12, .ofs_x = 0, .ofs_y = -1},
    {.bitmap_index = 4348, .adv_w = 208, .box_w = 13, .box_h = 13, .ofs_x = 0, .ofs_y = -2},
    {.bitmap_index = 4439, .adv_w = 208, .box_w = 12, .box_h = 13, .ofs_x = 0, .ofs_y = -2},
    {.bitmap_index = 4517, .adv_w = 208, .box_w = 13, .box_h = 13, .ofs_x = 0, .ofs_y = -2},
    {.bitmap_index = 4608, .adv_w = 208, .box_w = 14, .box_h = 13, .ofs_x = -1, .ofs_y = -2},
    {.bitmap_index = 4699, .adv_w = 208, .box_w = 14, .box_h = 13, .ofs_x = -1, .ofs_y = -2},
    {.bitmap_index = 4790, .adv_w = 208, .box_w = 12, .box_h = 13, .ofs_x = 0, .ofs_y = -2},
    {.bitmap_index = 4868, .adv_w = 208, .box_w = 12, .box_h = 12, .ofs_x = 0, .ofs_y = -2},
    {.bitmap_index = 4940, .adv_w = 208, .box_w = 11, .box_h = 12, .ofs_x = 1, .ofs_y = -2},
    {.bitmap_index = 5012, .adv_w = 208, .box_w = 13, .box_h = 12, .ofs_x = 0, .ofs_y = -1},
    {.bitmap_index = 5096, .adv_w = 208, .box_w = 13, .box_h = 13, .ofs_x = 0, .ofs_y = -2},
    {.bitmap_index = 5187, .adv_w = 208, .box_w = 13, .box_h = 13, .ofs_x = 0, .ofs_y = -2},
    {.bitmap_index = 5278, .adv_w = 208, .box_w = 12, .box_h = 13, .ofs_x = 0, .ofs_y = -2},
    {.bitmap_index = 5356, .adv_w = 208, .box_w = 13, .box_h = 13, .ofs_x = 0, .ofs_y = -2},
    {.bitmap_index = 5447, .adv_w = 208, .box_w = 13, .box_h = 13, .ofs_x = 0, .ofs_y = -2},
    {.bitmap_index = 5538, .adv_w = 208, .box_w = 13, .box_h = 12, .ofs_x = 0, .ofs_y = -1},
    {.bitmap_index = 5622, .adv_w = 208, .box_w = 13, .box_h = 15, .ofs_x = 0, .ofs_y = -3},
    {.bitmap_index = 5727, .adv_w = 208, .box_w = 13, .box_h = 14, .ofs_x = 0, .ofs_y = -2},
    {.bitmap_index = 5825, .adv_w = 208, .box_w = 14, .box_h = 13, .ofs_x = -1, .ofs_y = -2},
    {.bitmap_index = 5916, .adv_w = 208, .box_w = 13, .box_h = 12, .ofs_x = 0, .ofs_y = -2},
    {.bitmap_index = 6000, .adv_w = 208, .box_w = 12, .box_h = 11, .ofs_x = 0, .ofs_y = -1},
    {.bitmap_index = 6066, .adv_w = 208, .box_w = 11, .box_h = 11, .ofs_x = 1, .ofs_y = -1},
    {.bitmap_index = 6132, .adv_w = 208, .box_w = 14, .box_h = 13, .ofs_x = 0, .ofs_y = -2},
    {.bitmap_index = 6223, .adv_w = 208, .box_w = 13, .box_h = 14, .ofs_x = 0, .ofs_y = -2},
    {.bitmap_index = 6321, .adv_w = 208, .box_w = 14, .box_h = 13, .ofs_x = -1, .ofs_y = -2},
    {.bitmap_index = 6412, .adv_w = 208, .box_w = 13, .box_h = 12, .ofs_x = 0, .ofs_y = -1},
    {.bitmap_index = 6496, .adv_w = 208, .box_w = 14, .box_h = 13, .ofs_x = 0, .ofs_y = -1},
    {.bitmap_index = 6587, .adv_w = 208, .box_w = 14, .box_h = 15, .ofs_x = -1, .ofs_y = -3},
    {.bitmap_index = 6692, .adv_w = 208, .box_w = 13, .box_h = 13, .ofs_x = 0, .ofs_y = -2},
    {.bitmap_index = 6783, .adv_w = 208, .box_w = 13, .box_h = 13, .ofs_x = 0, .ofs_y = -2},
    {.bitmap_index = 6874, .adv_w = 208, .box_w = 13, .box_h = 13, .ofs_x = 0, .ofs_y = -2},
    {.bitmap_index = 6965, .adv_w = 208, .box_w = 13, .box_h = 13, .ofs_x = 0, .ofs_y = -2},
    {.bitmap_index = 7056, .adv_w = 208, .box_w = 13, .box_h = 14, .ofs_x = 0, .ofs_y = -2},
    {.bitmap_index = 7154, .adv_w = 208, .box_w = 9, .box_h = 12, .ofs_x = 2, .ofs_y = -2},
    {.bitmap_index = 7214, .adv_w = 208, .box_w = 11, .box_h = 13, .ofs_x = 1, .ofs_y = -2},
    {.bitmap_index = 7292, .adv_w = 208, .box_w = 12, .box_h = 11, .ofs_x = 0, .ofs_y = -1},
    {.bitmap_index = 7358, .adv_w = 208, .box_w = 12, .box_h = 13, .ofs_x = 0, .ofs_y = -2},
    {.bitmap_index = 7436, .adv_w = 208, .box_w = 13, .box_h = 13, .ofs_x = 1, .ofs_y = -2},
    {.bitmap_index = 7527, .adv_w = 208, .box_w = 13, .box_h = 12, .ofs_x = 0, .ofs_y = -2},
    {.bitmap_index = 7611, .adv_w = 208, .box_w = 10, .box_h = 12, .ofs_x = 0, .ofs_y = -2},
    {.bitmap_index = 7671, .adv_w = 208, .box_w = 12, .box_h = 13, .ofs_x = 0, .ofs_y = -2},
    {.bitmap_index = 7749, .adv_w = 208, .box_w = 13, .box_h = 13, .ofs_x = 0, .ofs_y = -2},
    {.bitmap_index = 7840, .adv_w = 208, .box_w = 13, .box_h = 13, .ofs_x = 0, .ofs_y = -2},
    {.bitmap_index = 7931, .adv_w = 208, .box_w = 14, .box_h = 12, .ofs_x = -1, .ofs_y = -1},
    {.bitmap_index = 8015, .adv_w = 208, .box_w = 13, .box_h = 13, .ofs_x = 0, .ofs_y = -2},
    {.bitmap_index = 8106, .adv_w = 208, .box_w = 13, .box_h = 13, .ofs_x = 0, .ofs_y = -2},
    {.bitmap_index = 8197, .adv_w = 208, .box_w = 13, .box_h = 13, .ofs_x = 0, .ofs_y = -2},
    {.bitmap_index = 8288, .adv_w = 208, .box_w = 13, .box_h = 13, .ofs_x = 0, .ofs_y = -2},
    {.bitmap_index = 8379, .adv_w = 208, .box_w = 14, .box_h = 14, .ofs_x = -1, .ofs_y = -2},
    {.bitmap_index = 8477, .adv_w = 208, .box_w = 13, .box_h = 13, .ofs_x = 0, .ofs_y = -2},
    {.bitmap_index = 8568, .adv_w = 208, .box_w = 12, .box_h = 14, .ofs_x = 0, .ofs_y = -3},
    {.bitmap_index = 8652, .adv_w = 208, .box_w = 13, .box_h = 13, .ofs_x = 0, .ofs_y = -2},
    {.bitmap_index = 8743, .adv_w = 208, .box_w = 13, .box_h = 13, .ofs_x = 0, .ofs_y = -2},
    {.bitmap_index = 8834, .adv_w = 208, .box_w = 13, .box_h = 14, .ofs_x = 0, .ofs_y = -2},
    {.bitmap_index = 8932, .adv_w = 208, .box_w = 11, .box_h = 12, .ofs_x = 0, .ofs_y = -2},
    {.bitmap_index = 9004, .adv_w = 208, .box_w = 10, .box_h = 13, .ofs_x = 1, .ofs_y = -2},
    {.bitmap_index = 9069, .adv_w = 208, .box_w = 12, .box_h = 12, .ofs_x = 1, .ofs_y = -1},
    {.bitmap_index = 9141, .adv_w = 208, .box_w = 13, .box_h = 13, .ofs_x = 0, .ofs_y = -2},
    {.bitmap_index = 9232, .adv_w = 208, .box_w = 11, .box_h = 13, .ofs_x = 0, .ofs_y = -2},
    {.bitmap_index = 9310, .adv_w = 208, .box_w = 14, .box_h = 13, .ofs_x = 0, .ofs_y = -2},
    {.bitmap_index = 9401, .adv_w = 208, .box_w = 12, .box_h = 13, .ofs_x = 0, .ofs_y = -2},
    {.bitmap_index = 9479, .adv_w = 208, .box_w = 13, .box_h = 12, .ofs_x = 0, .ofs_y = -1},
    {.bitmap_index = 9563, .adv_w = 208, .box_w = 13, .box_h = 13, .ofs_x = 0, .ofs_y = -2},
    {.bitmap_index = 9654, .adv_w = 208, .box_w = 13, .box_h = 13, .ofs_x = 0, .ofs_y = -2},
    {.bitmap_index = 9745, .adv_w = 208, .box_w = 13, .box_h = 11, .ofs_x = 0, .ofs_y = -1},
    {.bitmap_index = 9822, .adv_w = 208, .box_w = 13, .box_h = 12, .ofs_x = 0, .ofs_y = -1},
    {.bitmap_index = 9906, .adv_w = 208, .box_w = 13, .box_h = 14, .ofs_x = -1, .ofs_y = -2},
    {.bitmap_index = 10004, .adv_w = 208, .box_w = 13, .box_h = 13, .ofs_x = 0, .ofs_y = -2},
    {.bitmap_index = 10095, .adv_w = 208, .box_w = 13, .box_h = 12, .ofs_x = 0, .ofs_y = -1},
    {.bitmap_index = 10179, .adv_w = 208, .box_w = 13, .box_h = 13, .ofs_x = 0, .ofs_y = -2},
    {.bitmap_index = 10270, .adv_w = 208, .box_w = 13, .box_h = 13, .ofs_x = -1, .ofs_y = -2},
    {.bitmap_index = 10361, .adv_w = 208, .box_w = 13, .box_h = 13, .ofs_x = 0, .ofs_y = -2},
    {.bitmap_index = 10452, .adv_w = 208, .box_w = 13, .box_h = 13, .ofs_x = 0, .ofs_y = -2},
    {.bitmap_index = 10543, .adv_w = 208, .box_w = 13, .box_h = 13, .ofs_x = 0, .ofs_y = -2},
    {.bitmap_index = 10634, .adv_w = 208, .box_w = 13, .box_h = 13, .ofs_x = 0, .ofs_y = -2},
    {.bitmap_index = 10725, .adv_w = 208, .box_w = 13, .box_h = 11, .ofs_x = 0, .ofs_y = -1},
    {.bitmap_index = 10802, .adv_w = 208, .box_w = 12, .box_h = 14, .ofs_x = 0, .ofs_y = -3},
    {.bitmap_index = 10886, .adv_w = 208, .box_w = 12, .box_h = 13, .ofs_x = 0, .ofs_y = -3},
    {.bitmap_index = 10964, .adv_w = 208, .box_w = 13, .box_h = 13, .ofs_x = 0, .ofs_y = -2},
    {.bitmap_index = 11055, .adv_w = 208, .box_w = 13, .box_h = 13, .ofs_x = 0, .ofs_y = -2},
    {.bitmap_index = 11146, .adv_w = 208, .box_w = 12, .box_h = 12, .ofs_x = 1, .ofs_y = -1},
    {.bitmap_index = 11218, .adv_w = 208, .box_w = 13, .box_h = 14, .ofs_x = 0, .ofs_y = -3},
    {.bitmap_index = 11316, .adv_w = 208, .box_w = 13, .box_h = 13, .ofs_x = 0, .ofs_y = -3},
    {.bitmap_index = 11407, .adv_w = 208, .box_w = 11, .box_h = 11, .ofs_x = 0, .ofs_y = -1},
    {.bitmap_index = 11473, .adv_w = 208, .box_w = 13, .box_h = 13, .ofs_x = -1, .ofs_y = -2},
    {.bitmap_index = 11564, .adv_w = 208, .box_w = 12, .box_h = 13, .ofs_x = 1, .ofs_y = -2},
    {.bitmap_index = 11642, .adv_w = 208, .box_w = 13, .box_h = 12, .ofs_x = 0, .ofs_y = -1},
};

static const lv_font_fmt_txt_cmap_t lv_font_cjk_cmap[] = {
    /* ASCII 0x20-0x7E */
    {
        .range_start = 0x20, .range_length = 95, .glyph_id_start = 1,
        .unicode_list = NULL, .glyph_id_ofs_list = NULL, .list_length = 0,
        .type = LV_FONT_FMT_TXT_CMAP_FORMAT0_TINY,
    },
    /* CJK — consecutive codepoints merged into one range each */
    {
        .range_start = 0x2103, .range_length = 1, .glyph_id_start = 96,
        .unicode_list = NULL, .glyph_id_ofs_list = NULL, .list_length = 0,
        .type = LV_FONT_FMT_TXT_CMAP_FORMAT0_TINY,
    },
    {
        .range_start = 0x4e00, .range_length = 2, .glyph_id_start = 97,
        .unicode_list = NULL, .glyph_id_ofs_list = NULL, .list_length = 0,
        .type = LV_FONT_FMT_TXT_CMAP_FORMAT0_TINY,
    },
    {
        .range_start = 0x4e03, .range_length = 1, .glyph_id_start = 99,
        .unicode_list = NULL, .glyph_id_ofs_list = NULL, .list_length = 0,
        .type = LV_FONT_FMT_TXT_CMAP_FORMAT0_TINY,
    },
    {
        .range_start = 0x4e09, .range_length = 3, .glyph_id_start = 100,
        .unicode_list = NULL, .glyph_id_ofs_list = NULL, .list_length = 0,
        .type = LV_FONT_FMT_TXT_CMAP_FORMAT0_TINY,
    },
    {
        .range_start = 0x4e11, .range_length = 1, .glyph_id_start = 103,
        .unicode_list = NULL, .glyph_id_ofs_list = NULL, .list_length = 0,
        .type = LV_FONT_FMT_TXT_CMAP_FORMAT0_TINY,
    },
    {
        .range_start = 0x4e19, .range_length = 1, .glyph_id_start = 104,
        .unicode_list = NULL, .glyph_id_ofs_list = NULL, .list_length = 0,
        .type = LV_FONT_FMT_TXT_CMAP_FORMAT0_TINY,
    },
    {
        .range_start = 0x4e2d, .range_length = 1, .glyph_id_start = 105,
        .unicode_list = NULL, .glyph_id_ofs_list = NULL, .list_length = 0,
        .type = LV_FONT_FMT_TXT_CMAP_FORMAT0_TINY,
    },
    {
        .range_start = 0x4e59, .range_length = 1, .glyph_id_start = 106,
        .unicode_list = NULL, .glyph_id_ofs_list = NULL, .list_length = 0,
        .type = LV_FONT_FMT_TXT_CMAP_FORMAT0_TINY,
    },
    {
        .range_start = 0x4e5d, .range_length = 1, .glyph_id_start = 107,
        .unicode_list = NULL, .glyph_id_ofs_list = NULL, .list_length = 0,
        .type = LV_FONT_FMT_TXT_CMAP_FORMAT0_TINY,
    },
    {
        .range_start = 0x4e8c, .range_length = 1, .glyph_id_start = 108,
        .unicode_list = NULL, .glyph_id_ofs_list = NULL, .list_length = 0,
        .type = LV_FONT_FMT_TXT_CMAP_FORMAT0_TINY,
    },
    {
        .range_start = 0x4e91, .range_length = 1, .glyph_id_start = 109,
        .unicode_list = NULL, .glyph_id_ofs_list = NULL, .list_length = 0,
        .type = LV_FONT_FMT_TXT_CMAP_FORMAT0_TINY,
    },
    {
        .range_start = 0x4e94, .range_length = 1, .glyph_id_start = 110,
        .unicode_list = NULL, .glyph_id_ofs_list = NULL, .list_length = 0,
        .type = LV_FONT_FMT_TXT_CMAP_FORMAT0_TINY,
    },
    {
        .range_start = 0x4ea5, .range_length = 1, .glyph_id_start = 111,
        .unicode_list = NULL, .glyph_id_ofs_list = NULL, .list_length = 0,
        .type = LV_FONT_FMT_TXT_CMAP_FORMAT0_TINY,
    },
    {
        .range_start = 0x5154, .range_length = 1, .glyph_id_start = 112,
        .unicode_list = NULL, .glyph_id_ofs_list = NULL, .list_length = 0,
        .type = LV_FONT_FMT_TXT_CMAP_FORMAT0_TINY,
    },
    {
        .range_start = 0x516b, .range_length = 1, .glyph_id_start = 113,
        .unicode_list = NULL, .glyph_id_ofs_list = NULL, .list_length = 0,
        .type = LV_FONT_FMT_TXT_CMAP_FORMAT0_TINY,
    },
    {
        .range_start = 0x516d, .range_length = 1, .glyph_id_start = 114,
        .unicode_list = NULL, .glyph_id_ofs_list = NULL, .list_length = 0,
        .type = LV_FONT_FMT_TXT_CMAP_FORMAT0_TINY,
    },
    {
        .range_start = 0x51ac, .range_length = 1, .glyph_id_start = 115,
        .unicode_list = NULL, .glyph_id_ofs_list = NULL, .list_length = 0,
        .type = LV_FONT_FMT_TXT_CMAP_FORMAT0_TINY,
    },
    {
        .range_start = 0x51fa, .range_length = 1, .glyph_id_start = 116,
        .unicode_list = NULL, .glyph_id_ofs_list = NULL, .list_length = 0,
        .type = LV_FONT_FMT_TXT_CMAP_FORMAT0_TINY,
    },
    {
        .range_start = 0x5206, .range_length = 1, .glyph_id_start = 117,
        .unicode_list = NULL, .glyph_id_ofs_list = NULL, .list_length = 0,
        .type = LV_FONT_FMT_TXT_CMAP_FORMAT0_TINY,
    },
    {
        .range_start = 0x521d, .range_length = 1, .glyph_id_start = 118,
        .unicode_list = NULL, .glyph_id_ofs_list = NULL, .list_length = 0,
        .type = LV_FONT_FMT_TXT_CMAP_FORMAT0_TINY,
    },
    {
        .range_start = 0x5341, .range_length = 1, .glyph_id_start = 119,
        .unicode_list = NULL, .glyph_id_ofs_list = NULL, .list_length = 0,
        .type = LV_FONT_FMT_TXT_CMAP_FORMAT0_TINY,
    },
    {
        .range_start = 0x5348, .range_length = 1, .glyph_id_start = 120,
        .unicode_list = NULL, .glyph_id_ofs_list = NULL, .list_length = 0,
        .type = LV_FONT_FMT_TXT_CMAP_FORMAT0_TINY,
    },
    {
        .range_start = 0x5361, .range_length = 1, .glyph_id_start = 121,
        .unicode_list = NULL, .glyph_id_ofs_list = NULL, .list_length = 0,
        .type = LV_FONT_FMT_TXT_CMAP_FORMAT0_TINY,
    },
    {
        .range_start = 0x536f, .range_length = 1, .glyph_id_start = 122,
        .unicode_list = NULL, .glyph_id_ofs_list = NULL, .list_length = 0,
        .type = LV_FONT_FMT_TXT_CMAP_FORMAT0_TINY,
    },
    {
        .range_start = 0x5468, .range_length = 1, .glyph_id_start = 123,
        .unicode_list = NULL, .glyph_id_ofs_list = NULL, .list_length = 0,
        .type = LV_FONT_FMT_TXT_CMAP_FORMAT0_TINY,
    },
    {
        .range_start = 0x56db, .range_length = 1, .glyph_id_start = 124,
        .unicode_list = NULL, .glyph_id_ofs_list = NULL, .list_length = 0,
        .type = LV_FONT_FMT_TXT_CMAP_FORMAT0_TINY,
    },
    {
        .range_start = 0x58ec, .range_length = 1, .glyph_id_start = 125,
        .unicode_list = NULL, .glyph_id_ofs_list = NULL, .list_length = 0,
        .type = LV_FONT_FMT_TXT_CMAP_FORMAT0_TINY,
    },
    {
        .range_start = 0x5904, .range_length = 1, .glyph_id_start = 126,
        .unicode_list = NULL, .glyph_id_ofs_list = NULL, .list_length = 0,
        .type = LV_FONT_FMT_TXT_CMAP_FORMAT0_TINY,
    },
    {
        .range_start = 0x590f, .range_length = 1, .glyph_id_start = 127,
        .unicode_list = NULL, .glyph_id_ofs_list = NULL, .list_length = 0,
        .type = LV_FONT_FMT_TXT_CMAP_FORMAT0_TINY,
    },
    {
        .range_start = 0x591a, .range_length = 1, .glyph_id_start = 128,
        .unicode_list = NULL, .glyph_id_ofs_list = NULL, .list_length = 0,
        .type = LV_FONT_FMT_TXT_CMAP_FORMAT0_TINY,
    },
    {
        .range_start = 0x5927, .range_length = 1, .glyph_id_start = 129,
        .unicode_list = NULL, .glyph_id_ofs_list = NULL, .list_length = 0,
        .type = LV_FONT_FMT_TXT_CMAP_FORMAT0_TINY,
    },
    {
        .range_start = 0x5929, .range_length = 1, .glyph_id_start = 130,
        .unicode_list = NULL, .glyph_id_ofs_list = NULL, .list_length = 0,
        .type = LV_FONT_FMT_TXT_CMAP_FORMAT0_TINY,
    },
    {
        .range_start = 0x5b50, .range_length = 1, .glyph_id_start = 131,
        .unicode_list = NULL, .glyph_id_ofs_list = NULL, .list_length = 0,
        .type = LV_FONT_FMT_TXT_CMAP_FORMAT0_TINY,
    },
    {
        .range_start = 0x5bc5, .range_length = 1, .glyph_id_start = 132,
        .unicode_list = NULL, .glyph_id_ofs_list = NULL, .list_length = 0,
        .type = LV_FONT_FMT_TXT_CMAP_FORMAT0_TINY,
    },
    {
        .range_start = 0x5bd2, .range_length = 1, .glyph_id_start = 133,
        .unicode_list = NULL, .glyph_id_ofs_list = NULL, .list_length = 0,
        .type = LV_FONT_FMT_TXT_CMAP_FORMAT0_TINY,
    },
    {
        .range_start = 0x5c0f, .range_length = 1, .glyph_id_start = 134,
        .unicode_list = NULL, .glyph_id_ofs_list = NULL, .list_length = 0,
        .type = LV_FONT_FMT_TXT_CMAP_FORMAT0_TINY,
    },
    {
        .range_start = 0x5c42, .range_length = 1, .glyph_id_start = 135,
        .unicode_list = NULL, .glyph_id_ofs_list = NULL, .list_length = 0,
        .type = LV_FONT_FMT_TXT_CMAP_FORMAT0_TINY,
    },
    {
        .range_start = 0x5df1, .range_length = 1, .glyph_id_start = 136,
        .unicode_list = NULL, .glyph_id_ofs_list = NULL, .list_length = 0,
        .type = LV_FONT_FMT_TXT_CMAP_FORMAT0_TINY,
    },
    {
        .range_start = 0x5df3, .range_length = 1, .glyph_id_start = 137,
        .unicode_list = NULL, .glyph_id_ofs_list = NULL, .list_length = 0,
        .type = LV_FONT_FMT_TXT_CMAP_FORMAT0_TINY,
    },
    {
        .range_start = 0x5e74, .range_length = 1, .glyph_id_start = 138,
        .unicode_list = NULL, .glyph_id_ofs_list = NULL, .list_length = 0,
        .type = LV_FONT_FMT_TXT_CMAP_FORMAT0_TINY,
    },
    {
        .range_start = 0x5e9a, .range_length = 1, .glyph_id_start = 139,
        .unicode_list = NULL, .glyph_id_ofs_list = NULL, .list_length = 0,
        .type = LV_FONT_FMT_TXT_CMAP_FORMAT0_TINY,
    },
    {
        .range_start = 0x5eff, .range_length = 1, .glyph_id_start = 140,
        .unicode_list = NULL, .glyph_id_ofs_list = NULL, .list_length = 0,
        .type = LV_FONT_FMT_TXT_CMAP_FORMAT0_TINY,
    },
    {
        .range_start = 0x5f26, .range_length = 1, .glyph_id_start = 141,
        .unicode_list = NULL, .glyph_id_ofs_list = NULL, .list_length = 0,
        .type = LV_FONT_FMT_TXT_CMAP_FORMAT0_TINY,
    },
    {
        .range_start = 0x5fc3, .range_length = 1, .glyph_id_start = 142,
        .unicode_list = NULL, .glyph_id_ofs_list = NULL, .list_length = 0,
        .type = LV_FONT_FMT_TXT_CMAP_FORMAT0_TINY,
    },
    {
        .range_start = 0x60ca, .range_length = 1, .glyph_id_start = 143,
        .unicode_list = NULL, .glyph_id_ofs_list = NULL, .list_length = 0,
        .type = LV_FONT_FMT_TXT_CMAP_FORMAT0_TINY,
    },
    {
        .range_start = 0x620a, .range_length = 1, .glyph_id_start = 144,
        .unicode_list = NULL, .glyph_id_ofs_list = NULL, .list_length = 0,
        .type = LV_FONT_FMT_TXT_CMAP_FORMAT0_TINY,
    },
    {
        .range_start = 0x620c, .range_length = 1, .glyph_id_start = 145,
        .unicode_list = NULL, .glyph_id_ofs_list = NULL, .list_length = 0,
        .type = LV_FONT_FMT_TXT_CMAP_FORMAT0_TINY,
    },
    {
        .range_start = 0x6570, .range_length = 1, .glyph_id_start = 146,
        .unicode_list = NULL, .glyph_id_ofs_list = NULL, .list_length = 0,
        .type = LV_FONT_FMT_TXT_CMAP_FORMAT0_TINY,
    },
    {
        .range_start = 0x6587, .range_length = 1, .glyph_id_start = 147,
        .unicode_list = NULL, .glyph_id_ofs_list = NULL, .list_length = 0,
        .type = LV_FONT_FMT_TXT_CMAP_FORMAT0_TINY,
    },
    {
        .range_start = 0x65b0, .range_length = 1, .glyph_id_start = 148,
        .unicode_list = NULL, .glyph_id_ofs_list = NULL, .list_length = 0,
        .type = LV_FONT_FMT_TXT_CMAP_FORMAT0_TINY,
    },
    {
        .range_start = 0x65e5, .range_length = 1, .glyph_id_start = 149,
        .unicode_list = NULL, .glyph_id_ofs_list = NULL, .list_length = 0,
        .type = LV_FONT_FMT_TXT_CMAP_FORMAT0_TINY,
    },
    {
        .range_start = 0x660e, .range_length = 1, .glyph_id_start = 150,
        .unicode_list = NULL, .glyph_id_ofs_list = NULL, .list_length = 0,
        .type = LV_FONT_FMT_TXT_CMAP_FORMAT0_TINY,
    },
    {
        .range_start = 0x661f, .range_length = 1, .glyph_id_start = 151,
        .unicode_list = NULL, .glyph_id_ofs_list = NULL, .list_length = 0,
        .type = LV_FONT_FMT_TXT_CMAP_FORMAT0_TINY,
    },
    {
        .range_start = 0x6625, .range_length = 1, .glyph_id_start = 152,
        .unicode_list = NULL, .glyph_id_ofs_list = NULL, .list_length = 0,
        .type = LV_FONT_FMT_TXT_CMAP_FORMAT0_TINY,
    },
    {
        .range_start = 0x6674, .range_length = 1, .glyph_id_start = 153,
        .unicode_list = NULL, .glyph_id_ofs_list = NULL, .list_length = 0,
        .type = LV_FONT_FMT_TXT_CMAP_FORMAT0_TINY,
    },
    {
        .range_start = 0x6691, .range_length = 1, .glyph_id_start = 154,
        .unicode_list = NULL, .glyph_id_ofs_list = NULL, .list_length = 0,
        .type = LV_FONT_FMT_TXT_CMAP_FORMAT0_TINY,
    },
    {
        .range_start = 0x6708, .range_length = 1, .glyph_id_start = 155,
        .unicode_list = NULL, .glyph_id_ofs_list = NULL, .list_length = 0,
        .type = LV_FONT_FMT_TXT_CMAP_FORMAT0_TINY,
    },
    {
        .range_start = 0x671f, .range_length = 1, .glyph_id_start = 156,
        .unicode_list = NULL, .glyph_id_ofs_list = NULL, .list_length = 0,
        .type = LV_FONT_FMT_TXT_CMAP_FORMAT0_TINY,
    },
    {
        .range_start = 0x672a, .range_length = 1, .glyph_id_start = 157,
        .unicode_list = NULL, .glyph_id_ofs_list = NULL, .list_length = 0,
        .type = LV_FONT_FMT_TXT_CMAP_FORMAT0_TINY,
    },
    {
        .range_start = 0x697c, .range_length = 1, .glyph_id_start = 158,
        .unicode_list = NULL, .glyph_id_ofs_list = NULL, .list_length = 0,
        .type = LV_FONT_FMT_TXT_CMAP_FORMAT0_TINY,
    },
    {
        .range_start = 0x6b63, .range_length = 1, .glyph_id_start = 159,
        .unicode_list = NULL, .glyph_id_ofs_list = NULL, .list_length = 0,
        .type = LV_FONT_FMT_TXT_CMAP_FORMAT0_TINY,
    },
    {
        .range_start = 0x6b65, .range_length = 1, .glyph_id_start = 160,
        .unicode_list = NULL, .glyph_id_ofs_list = NULL, .list_length = 0,
        .type = LV_FONT_FMT_TXT_CMAP_FORMAT0_TINY,
    },
    {
        .range_start = 0x6c34, .range_length = 1, .glyph_id_start = 161,
        .unicode_list = NULL, .glyph_id_ofs_list = NULL, .list_length = 0,
        .type = LV_FONT_FMT_TXT_CMAP_FORMAT0_TINY,
    },
    {
        .range_start = 0x6c60, .range_length = 1, .glyph_id_start = 162,
        .unicode_list = NULL, .glyph_id_ofs_list = NULL, .list_length = 0,
        .type = LV_FONT_FMT_TXT_CMAP_FORMAT0_TINY,
    },
    {
        .range_start = 0x6e05, .range_length = 1, .glyph_id_start = 163,
        .unicode_list = NULL, .glyph_id_ofs_list = NULL, .list_length = 0,
        .type = LV_FONT_FMT_TXT_CMAP_FORMAT0_TINY,
    },
    {
        .range_start = 0x6ee1, .range_length = 1, .glyph_id_start = 164,
        .unicode_list = NULL, .glyph_id_ofs_list = NULL, .list_length = 0,
        .type = LV_FONT_FMT_TXT_CMAP_FORMAT0_TINY,
    },
    {
        .range_start = 0x725b, .range_length = 1, .glyph_id_start = 165,
        .unicode_list = NULL, .glyph_id_ofs_list = NULL, .list_length = 0,
        .type = LV_FONT_FMT_TXT_CMAP_FORMAT0_TINY,
    },
    {
        .range_start = 0x72d7, .range_length = 1, .glyph_id_start = 166,
        .unicode_list = NULL, .glyph_id_ofs_list = NULL, .list_length = 0,
        .type = LV_FONT_FMT_TXT_CMAP_FORMAT0_TINY,
    },
    {
        .range_start = 0x732a, .range_length = 1, .glyph_id_start = 167,
        .unicode_list = NULL, .glyph_id_ofs_list = NULL, .list_length = 0,
        .type = LV_FONT_FMT_TXT_CMAP_FORMAT0_TINY,
    },
    {
        .range_start = 0x7334, .range_length = 1, .glyph_id_start = 168,
        .unicode_list = NULL, .glyph_id_ofs_list = NULL, .list_length = 0,
        .type = LV_FONT_FMT_TXT_CMAP_FORMAT0_TINY,
    },
    {
        .range_start = 0x7387, .range_length = 1, .glyph_id_start = 169,
        .unicode_list = NULL, .glyph_id_ofs_list = NULL, .list_length = 0,
        .type = LV_FONT_FMT_TXT_CMAP_FORMAT0_TINY,
    },
    {
        .range_start = 0x7532, .range_length = 2, .glyph_id_start = 170,
        .unicode_list = NULL, .glyph_id_ofs_list = NULL, .list_length = 0,
        .type = LV_FONT_FMT_TXT_CMAP_FORMAT0_TINY,
    },
    {
        .range_start = 0x7535, .range_length = 1, .glyph_id_start = 172,
        .unicode_list = NULL, .glyph_id_ofs_list = NULL, .list_length = 0,
        .type = LV_FONT_FMT_TXT_CMAP_FORMAT0_TINY,
    },
    {
        .range_start = 0x7678, .range_length = 1, .glyph_id_start = 173,
        .unicode_list = NULL, .glyph_id_ofs_list = NULL, .list_length = 0,
        .type = LV_FONT_FMT_TXT_CMAP_FORMAT0_TINY,
    },
    {
        .range_start = 0x767d, .range_length = 1, .glyph_id_start = 174,
        .unicode_list = NULL, .glyph_id_ofs_list = NULL, .list_length = 0,
        .type = LV_FONT_FMT_TXT_CMAP_FORMAT0_TINY,
    },
    {
        .range_start = 0x79cb, .range_length = 1, .glyph_id_start = 175,
        .unicode_list = NULL, .glyph_id_ofs_list = NULL, .list_length = 0,
        .type = LV_FONT_FMT_TXT_CMAP_FORMAT0_TINY,
    },
    {
        .range_start = 0x79cd, .range_length = 1, .glyph_id_start = 176,
        .unicode_list = NULL, .glyph_id_ofs_list = NULL, .list_length = 0,
        .type = LV_FONT_FMT_TXT_CMAP_FORMAT0_TINY,
    },
    {
        .range_start = 0x7acb, .range_length = 1, .glyph_id_start = 177,
        .unicode_list = NULL, .glyph_id_ofs_list = NULL, .list_length = 0,
        .type = LV_FONT_FMT_TXT_CMAP_FORMAT0_TINY,
    },
    {
        .range_start = 0x7f8a, .range_length = 1, .glyph_id_start = 178,
        .unicode_list = NULL, .glyph_id_ofs_list = NULL, .list_length = 0,
        .type = LV_FONT_FMT_TXT_CMAP_FORMAT0_TINY,
    },
    {
        .range_start = 0x814a, .range_length = 1, .glyph_id_start = 179,
        .unicode_list = NULL, .glyph_id_ofs_list = NULL, .list_length = 0,
        .type = LV_FONT_FMT_TXT_CMAP_FORMAT0_TINY,
    },
    {
        .range_start = 0x81f3, .range_length = 1, .glyph_id_start = 180,
        .unicode_list = NULL, .glyph_id_ofs_list = NULL, .list_length = 0,
        .type = LV_FONT_FMT_TXT_CMAP_FORMAT0_TINY,
    },
    {
        .range_start = 0x8292, .range_length = 1, .glyph_id_start = 181,
        .unicode_list = NULL, .glyph_id_ofs_list = NULL, .list_length = 0,
        .type = LV_FONT_FMT_TXT_CMAP_FORMAT0_TINY,
    },
    {
        .range_start = 0x843d, .range_length = 1, .glyph_id_start = 182,
        .unicode_list = NULL, .glyph_id_ofs_list = NULL, .list_length = 0,
        .type = LV_FONT_FMT_TXT_CMAP_FORMAT0_TINY,
    },
    {
        .range_start = 0x864e, .range_length = 1, .glyph_id_start = 183,
        .unicode_list = NULL, .glyph_id_ofs_list = NULL, .list_length = 0,
        .type = LV_FONT_FMT_TXT_CMAP_FORMAT0_TINY,
    },
    {
        .range_start = 0x86c7, .range_length = 1, .glyph_id_start = 184,
        .unicode_list = NULL, .glyph_id_ofs_list = NULL, .list_length = 0,
        .type = LV_FONT_FMT_TXT_CMAP_FORMAT0_TINY,
    },
    {
        .range_start = 0x86f0, .range_length = 1, .glyph_id_start = 185,
        .unicode_list = NULL, .glyph_id_ofs_list = NULL, .list_length = 0,
        .type = LV_FONT_FMT_TXT_CMAP_FORMAT0_TINY,
    },
    {
        .range_start = 0x8c37, .range_length = 1, .glyph_id_start = 186,
        .unicode_list = NULL, .glyph_id_ofs_list = NULL, .list_length = 0,
        .type = LV_FONT_FMT_TXT_CMAP_FORMAT0_TINY,
    },
    {
        .range_start = 0x8def, .range_length = 1, .glyph_id_start = 187,
        .unicode_list = NULL, .glyph_id_ofs_list = NULL, .list_length = 0,
        .type = LV_FONT_FMT_TXT_CMAP_FORMAT0_TINY,
    },
    {
        .range_start = 0x8f9b, .range_length = 1, .glyph_id_start = 188,
        .unicode_list = NULL, .glyph_id_ofs_list = NULL, .list_length = 0,
        .type = LV_FONT_FMT_TXT_CMAP_FORMAT0_TINY,
    },
    {
        .range_start = 0x8fb0, .range_length = 1, .glyph_id_start = 189,
        .unicode_list = NULL, .glyph_id_ofs_list = NULL, .list_length = 0,
        .type = LV_FONT_FMT_TXT_CMAP_FORMAT0_TINY,
    },
    {
        .range_start = 0x9149, .range_length = 1, .glyph_id_start = 190,
        .unicode_list = NULL, .glyph_id_ofs_list = NULL, .list_length = 0,
        .type = LV_FONT_FMT_TXT_CMAP_FORMAT0_TINY,
    },
    {
        .range_start = 0x91cc, .range_length = 1, .glyph_id_start = 191,
        .unicode_list = NULL, .glyph_id_ofs_list = NULL, .list_length = 0,
        .type = LV_FONT_FMT_TXT_CMAP_FORMAT0_TINY,
    },
    {
        .range_start = 0x95f0, .range_length = 1, .glyph_id_start = 192,
        .unicode_list = NULL, .glyph_id_ofs_list = NULL, .list_length = 0,
        .type = LV_FONT_FMT_TXT_CMAP_FORMAT0_TINY,
    },
    {
        .range_start = 0x9634, .range_length = 1, .glyph_id_start = 193,
        .unicode_list = NULL, .glyph_id_ofs_list = NULL, .list_length = 0,
        .type = LV_FONT_FMT_TXT_CMAP_FORMAT0_TINY,
    },
    {
        .range_start = 0x964d, .range_length = 1, .glyph_id_start = 194,
        .unicode_list = NULL, .glyph_id_ofs_list = NULL, .list_length = 0,
        .type = LV_FONT_FMT_TXT_CMAP_FORMAT0_TINY,
    },
    {
        .range_start = 0x96e8, .range_length = 1, .glyph_id_start = 195,
        .unicode_list = NULL, .glyph_id_ofs_list = NULL, .list_length = 0,
        .type = LV_FONT_FMT_TXT_CMAP_FORMAT0_TINY,
    },
    {
        .range_start = 0x96ea, .range_length = 1, .glyph_id_start = 196,
        .unicode_list = NULL, .glyph_id_ofs_list = NULL, .list_length = 0,
        .type = LV_FONT_FMT_TXT_CMAP_FORMAT0_TINY,
    },
    {
        .range_start = 0x971c, .range_length = 1, .glyph_id_start = 197,
        .unicode_list = NULL, .glyph_id_ofs_list = NULL, .list_length = 0,
        .type = LV_FONT_FMT_TXT_CMAP_FORMAT0_TINY,
    },
    {
        .range_start = 0x9732, .range_length = 1, .glyph_id_start = 198,
        .unicode_list = NULL, .glyph_id_ofs_list = NULL, .list_length = 0,
        .type = LV_FONT_FMT_TXT_CMAP_FORMAT0_TINY,
    },
    {
        .range_start = 0x9a6c, .range_length = 1, .glyph_id_start = 199,
        .unicode_list = NULL, .glyph_id_ofs_list = NULL, .list_length = 0,
        .type = LV_FONT_FMT_TXT_CMAP_FORMAT0_TINY,
    },
    {
        .range_start = 0x9e21, .range_length = 1, .glyph_id_start = 200,
        .unicode_list = NULL, .glyph_id_ofs_list = NULL, .list_length = 0,
        .type = LV_FONT_FMT_TXT_CMAP_FORMAT0_TINY,
    },
    {
        .range_start = 0x9f20, .range_length = 1, .glyph_id_start = 201,
        .unicode_list = NULL, .glyph_id_ofs_list = NULL, .list_length = 0,
        .type = LV_FONT_FMT_TXT_CMAP_FORMAT0_TINY,
    },
    {
        .range_start = 0x9f99, .range_length = 1, .glyph_id_start = 202,
        .unicode_list = NULL, .glyph_id_ofs_list = NULL, .list_length = 0,
        .type = LV_FONT_FMT_TXT_CMAP_FORMAT0_TINY,
    }
};

static const lv_font_fmt_txt_dsc_t lv_font_cjk_fmt_dsc = {
    .glyph_bitmap = lv_font_cjk_bitmap,
    .glyph_dsc = lv_font_cjk_glyph_dsc,
    .cmaps = lv_font_cjk_cmap,
    .kern_dsc = NULL,
    .kern_scale = 0,
    .cmap_num = 104,
    .bpp = 4,
    .kern_classes = 0,
    .bitmap_format = 0,
    .stride = 1,   /* 每行按字节对齐，见文件头说明 */
};

const lv_font_t lv_font_cjk = {
    .get_glyph_dsc = lv_font_get_glyph_dsc_fmt_txt,
    .get_glyph_bitmap = lv_font_get_bitmap_fmt_txt,
    .line_height = 15,
    .base_line = 3,
    .subpx = LV_FONT_SUBPX_NONE,
    .underline_position = -1,
    .underline_thickness = 1,
    .dsc = &lv_font_cjk_fmt_dsc,
};
